--
-- PostgreSQL database dump
--

-- Dumped from database version 17.5
-- Dumped by pg_dump version 17.5

-- Started on 2026-03-01 16:25:04

SET statement_timeout = 0;
SET lock_timeout = 0;
SET idle_in_transaction_session_timeout = 0;
SET client_encoding = 'UTF8';
SET standard_conforming_strings = on;
SELECT pg_catalog.set_config('search_path', '', false);
SET check_function_bodies = false;
SET xmloption = content;
SET client_min_messages = warning;
SET row_security = off;

--
-- TOC entry 5 (class 2615 OID 50619)
-- Name: public; Type: SCHEMA; Schema: -; Owner: postgres
--

-- *not* creating schema, since initdb creates it


ALTER SCHEMA public OWNER TO postgres;

--
-- TOC entry 5136 (class 0 OID 0)
-- Dependencies: 5
-- Name: SCHEMA public; Type: COMMENT; Schema: -; Owner: postgres
--

COMMENT ON SCHEMA public IS '';


SET default_tablespace = '';

SET default_table_access_method = heap;

--
-- TOC entry 217 (class 1259 OID 50620)
-- Name: __EFMigrationsHistory; Type: TABLE; Schema: public; Owner: postgres
--

CREATE TABLE public."__EFMigrationsHistory" (
    migrationid character varying(150) NOT NULL,
    productversion character varying(32) NOT NULL
);


ALTER TABLE public."__EFMigrationsHistory" OWNER TO postgres;

--
-- TOC entry 241 (class 1259 OID 50793)
-- Name: answers; Type: TABLE; Schema: public; Owner: postgres
--

CREATE TABLE public.answers (
    id integer NOT NULL,
    text text NOT NULL,
    iscorrect boolean NOT NULL,
    questionid integer NOT NULL
);


ALTER TABLE public.answers OWNER TO postgres;

--
-- TOC entry 240 (class 1259 OID 50792)
-- Name: answers_id_seq; Type: SEQUENCE; Schema: public; Owner: postgres
--

ALTER TABLE public.answers ALTER COLUMN id ADD GENERATED BY DEFAULT AS IDENTITY (
    SEQUENCE NAME public.answers_id_seq
    START WITH 1
    INCREMENT BY 1
    NO MINVALUE
    NO MAXVALUE
    CACHE 1
);


--
-- TOC entry 243 (class 1259 OID 50806)
-- Name: attempts; Type: TABLE; Schema: public; Owner: postgres
--

CREATE TABLE public.attempts (
    id integer NOT NULL,
    startedat timestamp with time zone DEFAULT CURRENT_TIMESTAMP NOT NULL,
    submittedat timestamp with time zone,
    score integer,
    testid integer NOT NULL,
    studentid integer NOT NULL
);


ALTER TABLE public.attempts OWNER TO postgres;

--
-- TOC entry 242 (class 1259 OID 50805)
-- Name: attempts_id_seq; Type: SEQUENCE; Schema: public; Owner: postgres
--

ALTER TABLE public.attempts ALTER COLUMN id ADD GENERATED BY DEFAULT AS IDENTITY (
    SEQUENCE NAME public.attempts_id_seq
    START WITH 1
    INCREMENT BY 1
    NO MINVALUE
    NO MAXVALUE
    CACHE 1
);


--
-- TOC entry 219 (class 1259 OID 50626)
-- Name: courses; Type: TABLE; Schema: public; Owner: postgres
--

CREATE TABLE public.courses (
    id integer NOT NULL,
    name text NOT NULL
);


ALTER TABLE public.courses OWNER TO postgres;

--
-- TOC entry 218 (class 1259 OID 50625)
-- Name: courses_id_seq; Type: SEQUENCE; Schema: public; Owner: postgres
--

ALTER TABLE public.courses ALTER COLUMN id ADD GENERATED BY DEFAULT AS IDENTITY (
    SEQUENCE NAME public.courses_id_seq
    START WITH 1
    INCREMENT BY 1
    NO MINVALUE
    NO MAXVALUE
    CACHE 1
);


--
-- TOC entry 221 (class 1259 OID 50634)
-- Name: directions; Type: TABLE; Schema: public; Owner: postgres
--

CREATE TABLE public.directions (
    id integer NOT NULL,
    name text NOT NULL
);


ALTER TABLE public.directions OWNER TO postgres;

--
-- TOC entry 220 (class 1259 OID 50633)
-- Name: directions_id_seq; Type: SEQUENCE; Schema: public; Owner: postgres
--

ALTER TABLE public.directions ALTER COLUMN id ADD GENERATED BY DEFAULT AS IDENTITY (
    SEQUENCE NAME public.directions_id_seq
    START WITH 1
    INCREMENT BY 1
    NO MINVALUE
    NO MAXVALUE
    CACHE 1
);


--
-- TOC entry 229 (class 1259 OID 50670)
-- Name: groups; Type: TABLE; Schema: public; Owner: postgres
--

CREATE TABLE public.groups (
    id integer NOT NULL,
    name text NOT NULL,
    directionid integer NOT NULL,
    courseid integer NOT NULL,
    projectid integer NOT NULL
);


ALTER TABLE public.groups OWNER TO postgres;

--
-- TOC entry 228 (class 1259 OID 50669)
-- Name: groups_id_seq; Type: SEQUENCE; Schema: public; Owner: postgres
--

ALTER TABLE public.groups ALTER COLUMN id ADD GENERATED BY DEFAULT AS IDENTITY (
    SEQUENCE NAME public.groups_id_seq
    START WITH 1
    INCREMENT BY 1
    NO MINVALUE
    NO MAXVALUE
    CACHE 1
);


--
-- TOC entry 223 (class 1259 OID 50642)
-- Name: projects; Type: TABLE; Schema: public; Owner: postgres
--

CREATE TABLE public.projects (
    id integer NOT NULL,
    name text NOT NULL
);


ALTER TABLE public.projects OWNER TO postgres;

--
-- TOC entry 222 (class 1259 OID 50641)
-- Name: projects_id_seq; Type: SEQUENCE; Schema: public; Owner: postgres
--

ALTER TABLE public.projects ALTER COLUMN id ADD GENERATED BY DEFAULT AS IDENTITY (
    SEQUENCE NAME public.projects_id_seq
    START WITH 1
    INCREMENT BY 1
    NO MINVALUE
    NO MAXVALUE
    CACHE 1
);


--
-- TOC entry 231 (class 1259 OID 50693)
-- Name: questions; Type: TABLE; Schema: public; Owner: postgres
--

CREATE TABLE public.questions (
    id integer NOT NULL,
    text text NOT NULL,
    number integer NOT NULL,
    description character varying(2000) NOT NULL,
    answertype text NOT NULL,
    isscoring boolean DEFAULT true NOT NULL,
    maxscore integer,
    testid integer NOT NULL
);


ALTER TABLE public.questions OWNER TO postgres;

--
-- TOC entry 230 (class 1259 OID 50692)
-- Name: questions_id_seq; Type: SEQUENCE; Schema: public; Owner: postgres
--

ALTER TABLE public.questions ALTER COLUMN id ADD GENERATED BY DEFAULT AS IDENTITY (
    SEQUENCE NAME public.questions_id_seq
    START WITH 1
    INCREMENT BY 1
    NO MINVALUE
    NO MAXVALUE
    CACHE 1
);


--
-- TOC entry 236 (class 1259 OID 50752)
-- Name: refreshtokens; Type: TABLE; Schema: public; Owner: postgres
--

CREATE TABLE public.refreshtokens (
    id integer NOT NULL,
    tokenhash text NOT NULL,
    userid integer NOT NULL,
    createdat timestamp with time zone NOT NULL,
    expiresat timestamp with time zone NOT NULL,
    revokedat timestamp with time zone
);


ALTER TABLE public.refreshtokens OWNER TO postgres;

--
-- TOC entry 235 (class 1259 OID 50751)
-- Name: refreshtokens_id_seq; Type: SEQUENCE; Schema: public; Owner: postgres
--

ALTER TABLE public.refreshtokens ALTER COLUMN id ADD GENERATED BY DEFAULT AS IDENTITY (
    SEQUENCE NAME public.refreshtokens_id_seq
    START WITH 1
    INCREMENT BY 1
    NO MINVALUE
    NO MAXVALUE
    CACHE 1
);


--
-- TOC entry 244 (class 1259 OID 50822)
-- Name: student_groups; Type: TABLE; Schema: public; Owner: postgres
--

CREATE TABLE public.student_groups (
    groupsid integer NOT NULL,
    studentsid integer NOT NULL
);


ALTER TABLE public.student_groups OWNER TO postgres;

--
-- TOC entry 238 (class 1259 OID 50765)
-- Name: students; Type: TABLE; Schema: public; Owner: postgres
--

CREATE TABLE public.students (
    id integer NOT NULL,
    phone character varying(30) NOT NULL,
    vkprofilelink text NOT NULL,
    avatarpath text,
    userid integer NOT NULL
);


ALTER TABLE public.students OWNER TO postgres;

--
-- TOC entry 237 (class 1259 OID 50764)
-- Name: students_id_seq; Type: SEQUENCE; Schema: public; Owner: postgres
--

ALTER TABLE public.students ALTER COLUMN id ADD GENERATED BY DEFAULT AS IDENTITY (
    SEQUENCE NAME public.students_id_seq
    START WITH 1
    INCREMENT BY 1
    NO MINVALUE
    NO MAXVALUE
    CACHE 1
);


--
-- TOC entry 232 (class 1259 OID 50706)
-- Name: test_courses; Type: TABLE; Schema: public; Owner: postgres
--

CREATE TABLE public.test_courses (
    coursesid integer NOT NULL,
    testsid integer NOT NULL
);


ALTER TABLE public.test_courses OWNER TO postgres;

--
-- TOC entry 233 (class 1259 OID 50721)
-- Name: test_directions; Type: TABLE; Schema: public; Owner: postgres
--

CREATE TABLE public.test_directions (
    directionsid integer NOT NULL,
    testsid integer NOT NULL
);


ALTER TABLE public.test_directions OWNER TO postgres;

--
-- TOC entry 239 (class 1259 OID 50777)
-- Name: test_groups; Type: TABLE; Schema: public; Owner: postgres
--

CREATE TABLE public.test_groups (
    groupsid integer NOT NULL,
    testsid integer NOT NULL
);


ALTER TABLE public.test_groups OWNER TO postgres;

--
-- TOC entry 234 (class 1259 OID 50736)
-- Name: test_projects; Type: TABLE; Schema: public; Owner: postgres
--

CREATE TABLE public.test_projects (
    projectsid integer NOT NULL,
    testsid integer NOT NULL
);


ALTER TABLE public.test_projects OWNER TO postgres;

--
-- TOC entry 245 (class 1259 OID 50837)
-- Name: test_students; Type: TABLE; Schema: public; Owner: postgres
--

CREATE TABLE public.test_students (
    studentsid integer NOT NULL,
    testsid integer NOT NULL
);


ALTER TABLE public.test_students OWNER TO postgres;

--
-- TOC entry 247 (class 1259 OID 50853)
-- Name: testresults; Type: TABLE; Schema: public; Owner: postgres
--

CREATE TABLE public.testresults (
    id integer NOT NULL,
    passed boolean NOT NULL,
    testid integer NOT NULL,
    attemptid integer NOT NULL,
    studentid integer NOT NULL
);


ALTER TABLE public.testresults OWNER TO postgres;

--
-- TOC entry 246 (class 1259 OID 50852)
-- Name: testresults_id_seq; Type: SEQUENCE; Schema: public; Owner: postgres
--

ALTER TABLE public.testresults ALTER COLUMN id ADD GENERATED BY DEFAULT AS IDENTITY (
    SEQUENCE NAME public.testresults_id_seq
    START WITH 1
    INCREMENT BY 1
    NO MINVALUE
    NO MAXVALUE
    CACHE 1
);


--
-- TOC entry 225 (class 1259 OID 50650)
-- Name: tests; Type: TABLE; Schema: public; Owner: postgres
--

CREATE TABLE public.tests (
    id integer NOT NULL,
    title text NOT NULL,
    description text NOT NULL,
    isrepeatable boolean DEFAULT false NOT NULL,
    type text NOT NULL,
    createdat timestamp with time zone DEFAULT CURRENT_TIMESTAMP NOT NULL,
    publishedat timestamp with time zone NOT NULL,
    deadline timestamp with time zone NOT NULL,
    durationminutes integer,
    ispublic boolean DEFAULT false NOT NULL,
    passingscore integer,
    maxattempts integer
);


ALTER TABLE public.tests OWNER TO postgres;

--
-- TOC entry 224 (class 1259 OID 50649)
-- Name: tests_id_seq; Type: SEQUENCE; Schema: public; Owner: postgres
--

ALTER TABLE public.tests ALTER COLUMN id ADD GENERATED BY DEFAULT AS IDENTITY (
    SEQUENCE NAME public.tests_id_seq
    START WITH 1
    INCREMENT BY 1
    NO MINVALUE
    NO MAXVALUE
    CACHE 1
);


--
-- TOC entry 249 (class 1259 OID 50874)
-- Name: userattemptanswers; Type: TABLE; Schema: public; Owner: postgres
--

CREATE TABLE public.userattemptanswers (
    id integer NOT NULL,
    iscorrect boolean NOT NULL,
    scoreawarded integer NOT NULL,
    attemptid integer NOT NULL,
    questionid integer NOT NULL
);


ALTER TABLE public.userattemptanswers OWNER TO postgres;

--
-- TOC entry 248 (class 1259 OID 50873)
-- Name: userattemptanswers_id_seq; Type: SEQUENCE; Schema: public; Owner: postgres
--

ALTER TABLE public.userattemptanswers ALTER COLUMN id ADD GENERATED BY DEFAULT AS IDENTITY (
    SEQUENCE NAME public.userattemptanswers_id_seq
    START WITH 1
    INCREMENT BY 1
    NO MINVALUE
    NO MAXVALUE
    CACHE 1
);


--
-- TOC entry 227 (class 1259 OID 50661)
-- Name: users; Type: TABLE; Schema: public; Owner: postgres
--

CREATE TABLE public.users (
    id integer NOT NULL,
    login text NOT NULL,
    passwordhash text NOT NULL,
    email text NOT NULL,
    firstname text NOT NULL,
    middlename text,
    lastname text NOT NULL,
    role text NOT NULL,
    createdat timestamp with time zone DEFAULT CURRENT_TIMESTAMP NOT NULL
);


ALTER TABLE public.users OWNER TO postgres;

--
-- TOC entry 226 (class 1259 OID 50660)
-- Name: users_id_seq; Type: SEQUENCE; Schema: public; Owner: postgres
--

ALTER TABLE public.users ALTER COLUMN id ADD GENERATED BY DEFAULT AS IDENTITY (
    SEQUENCE NAME public.users_id_seq
    START WITH 1
    INCREMENT BY 1
    NO MINVALUE
    NO MAXVALUE
    CACHE 1
);


--
-- TOC entry 251 (class 1259 OID 50890)
-- Name: userselectedoptions; Type: TABLE; Schema: public; Owner: postgres
--

CREATE TABLE public.userselectedoptions (
    id integer NOT NULL,
    userattemptanswerid integer NOT NULL,
    answerid integer NOT NULL
);


ALTER TABLE public.userselectedoptions OWNER TO postgres;

--
-- TOC entry 250 (class 1259 OID 50889)
-- Name: userselectedoptions_id_seq; Type: SEQUENCE; Schema: public; Owner: postgres
--

ALTER TABLE public.userselectedoptions ALTER COLUMN id ADD GENERATED BY DEFAULT AS IDENTITY (
    SEQUENCE NAME public.userselectedoptions_id_seq
    START WITH 1
    INCREMENT BY 1
    NO MINVALUE
    NO MAXVALUE
    CACHE 1
);


--
-- TOC entry 253 (class 1259 OID 50906)
-- Name: usertextanswers; Type: TABLE; Schema: public; Owner: postgres
--

CREATE TABLE public.usertextanswers (
    id integer NOT NULL,
    textanswer text NOT NULL,
    userattemptanswerid integer NOT NULL
);


ALTER TABLE public.usertextanswers OWNER TO postgres;

--
-- TOC entry 252 (class 1259 OID 50905)
-- Name: usertextanswers_id_seq; Type: SEQUENCE; Schema: public; Owner: postgres
--

ALTER TABLE public.usertextanswers ALTER COLUMN id ADD GENERATED BY DEFAULT AS IDENTITY (
    SEQUENCE NAME public.usertextanswers_id_seq
    START WITH 1
    INCREMENT BY 1
    NO MINVALUE
    NO MAXVALUE
    CACHE 1
);


--
-- TOC entry 5094 (class 0 OID 50620)
-- Dependencies: 217
-- Data for Name: __EFMigrationsHistory; Type: TABLE DATA; Schema: public; Owner: postgres
--

COPY public."__EFMigrationsHistory" (migrationid, productversion) FROM stdin;
20260301111942_pg3	8.0.20
\.


--
-- TOC entry 5118 (class 0 OID 50793)
-- Dependencies: 241
-- Data for Name: answers; Type: TABLE DATA; Schema: public; Owner: postgres
--

COPY public.answers (id, text, iscorrect, questionid) FROM stdin;
1	[1] Верный вариант по документации (вопрос 1)	t	1
2	[2] Распространённая ошибка новичков (вопрос 1)	f	1
3	[3] Устаревший подход (вопрос 1)	f	1
4	[4] Выдуманный вариант (вопрос 1)	f	1
5	[1] Верный вариант по документации (вопрос 2)	t	2
6	[2] Распространённая ошибка новичков (вопрос 2)	t	2
7	[3] Устаревший подход (вопрос 2)	f	2
8	[4] Выдуманный вариант (вопрос 2)	f	2
9	[1] Верный вариант по документации (вопрос 3)	t	3
10	[2] Распространённая ошибка новичков (вопрос 3)	f	3
11	[3] Устаревший подход (вопрос 3)	f	3
12	[4] Выдуманный вариант (вопрос 3)	f	3
13	[1] Верный вариант по документации (вопрос 4)	t	4
14	[2] Распространённая ошибка новичков (вопрос 4)	t	4
15	[3] Устаревший подход (вопрос 4)	f	4
16	[4] Выдуманный вариант (вопрос 4)	f	4
17	[1] Верный вариант по документации (вопрос 1)	t	6
18	[2] Распространённая ошибка новичков (вопрос 1)	f	6
19	[3] Устаревший подход (вопрос 1)	f	6
20	[4] Выдуманный вариант (вопрос 1)	f	6
21	[1] Верный вариант по документации (вопрос 2)	t	7
22	[2] Распространённая ошибка новичков (вопрос 2)	t	7
23	[3] Устаревший подход (вопрос 2)	f	7
24	[4] Выдуманный вариант (вопрос 2)	f	7
25	[1] Верный вариант по документации (вопрос 3)	t	8
26	[2] Распространённая ошибка новичков (вопрос 3)	f	8
27	[3] Устаревший подход (вопрос 3)	f	8
28	[4] Выдуманный вариант (вопрос 3)	f	8
29	[1] Верный вариант по документации (вопрос 4)	t	9
30	[2] Распространённая ошибка новичков (вопрос 4)	t	9
31	[3] Устаревший подход (вопрос 4)	f	9
32	[4] Выдуманный вариант (вопрос 4)	f	9
33	[1] Верный вариант по документации (вопрос 1)	t	11
34	[2] Распространённая ошибка новичков (вопрос 1)	f	11
35	[3] Устаревший подход (вопрос 1)	f	11
36	[4] Выдуманный вариант (вопрос 1)	f	11
37	[1] Верный вариант по документации (вопрос 2)	t	12
38	[2] Распространённая ошибка новичков (вопрос 2)	t	12
39	[3] Устаревший подход (вопрос 2)	f	12
40	[4] Выдуманный вариант (вопрос 2)	f	12
41	[1] Верный вариант по документации (вопрос 3)	t	13
42	[2] Распространённая ошибка новичков (вопрос 3)	f	13
43	[3] Устаревший подход (вопрос 3)	f	13
44	[4] Выдуманный вариант (вопрос 3)	f	13
45	[1] Верный вариант по документации (вопрос 4)	t	14
46	[2] Распространённая ошибка новичков (вопрос 4)	t	14
47	[3] Устаревший подход (вопрос 4)	f	14
48	[4] Выдуманный вариант (вопрос 4)	f	14
49	[1] Верный вариант по документации (вопрос 1)	t	16
50	[2] Распространённая ошибка новичков (вопрос 1)	f	16
51	[3] Устаревший подход (вопрос 1)	f	16
52	[4] Выдуманный вариант (вопрос 1)	f	16
53	[1] Верный вариант по документации (вопрос 2)	t	17
54	[2] Распространённая ошибка новичков (вопрос 2)	t	17
55	[3] Устаревший подход (вопрос 2)	f	17
56	[4] Выдуманный вариант (вопрос 2)	f	17
57	[1] Верный вариант по документации (вопрос 3)	t	18
58	[2] Распространённая ошибка новичков (вопрос 3)	f	18
59	[3] Устаревший подход (вопрос 3)	f	18
60	[4] Выдуманный вариант (вопрос 3)	f	18
61	[1] Верный вариант по документации (вопрос 4)	t	19
62	[2] Распространённая ошибка новичков (вопрос 4)	t	19
63	[3] Устаревший подход (вопрос 4)	f	19
64	[4] Выдуманный вариант (вопрос 4)	f	19
65	[1] Верный вариант по документации (вопрос 1)	t	21
66	[2] Распространённая ошибка новичков (вопрос 1)	f	21
67	[3] Устаревший подход (вопрос 1)	f	21
68	[4] Выдуманный вариант (вопрос 1)	f	21
69	[1] Верный вариант по документации (вопрос 2)	t	22
70	[2] Распространённая ошибка новичков (вопрос 2)	t	22
71	[3] Устаревший подход (вопрос 2)	f	22
72	[4] Выдуманный вариант (вопрос 2)	f	22
73	[1] Верный вариант по документации (вопрос 3)	t	23
74	[2] Распространённая ошибка новичков (вопрос 3)	f	23
75	[3] Устаревший подход (вопрос 3)	f	23
76	[4] Выдуманный вариант (вопрос 3)	f	23
77	[1] Верный вариант по документации (вопрос 4)	t	24
78	[2] Распространённая ошибка новичков (вопрос 4)	t	24
79	[3] Устаревший подход (вопрос 4)	f	24
80	[4] Выдуманный вариант (вопрос 4)	f	24
81	[1] Верный вариант по документации (вопрос 1)	t	26
82	[2] Распространённая ошибка новичков (вопрос 1)	f	26
83	[3] Устаревший подход (вопрос 1)	f	26
84	[4] Выдуманный вариант (вопрос 1)	f	26
85	[1] Верный вариант по документации (вопрос 2)	t	27
86	[2] Распространённая ошибка новичков (вопрос 2)	t	27
87	[3] Устаревший подход (вопрос 2)	f	27
88	[4] Выдуманный вариант (вопрос 2)	f	27
89	[1] Верный вариант по документации (вопрос 3)	t	28
90	[2] Распространённая ошибка новичков (вопрос 3)	f	28
91	[3] Устаревший подход (вопрос 3)	f	28
92	[4] Выдуманный вариант (вопрос 3)	f	28
93	[1] Верный вариант по документации (вопрос 4)	t	29
94	[2] Распространённая ошибка новичков (вопрос 4)	t	29
95	[3] Устаревший подход (вопрос 4)	f	29
96	[4] Выдуманный вариант (вопрос 4)	f	29
97	[1] Верный вариант по документации (вопрос 1)	t	31
98	[2] Распространённая ошибка новичков (вопрос 1)	f	31
99	[3] Устаревший подход (вопрос 1)	f	31
100	[4] Выдуманный вариант (вопрос 1)	f	31
101	[1] Верный вариант по документации (вопрос 2)	t	32
102	[2] Распространённая ошибка новичков (вопрос 2)	t	32
103	[3] Устаревший подход (вопрос 2)	f	32
104	[4] Выдуманный вариант (вопрос 2)	f	32
105	[1] Верный вариант по документации (вопрос 3)	t	33
106	[2] Распространённая ошибка новичков (вопрос 3)	f	33
107	[3] Устаревший подход (вопрос 3)	f	33
108	[4] Выдуманный вариант (вопрос 3)	f	33
109	[1] Верный вариант по документации (вопрос 4)	t	34
110	[2] Распространённая ошибка новичков (вопрос 4)	t	34
111	[3] Устаревший подход (вопрос 4)	f	34
112	[4] Выдуманный вариант (вопрос 4)	f	34
\.


--
-- TOC entry 5120 (class 0 OID 50806)
-- Dependencies: 243
-- Data for Name: attempts; Type: TABLE DATA; Schema: public; Owner: postgres
--

COPY public.attempts (id, startedat, submittedat, score, testid, studentid) FROM stdin;
1	2026-02-24 21:04:00+05	2026-02-24 21:30:00+05	38	1	1
2	2026-02-26 17:08:00+05	2026-02-26 17:33:00+05	28	2	1
3	2026-01-14 14:08:00+05	2026-01-14 14:25:00+05	38	2	1
4	2026-02-16 20:25:00+05	2026-02-16 20:38:00+05	39	3	1
5	2026-01-23 15:17:00+05	2026-01-23 15:33:00+05	40	4	1
6	2026-02-02 17:57:00+05	2026-02-02 18:23:00+05	30	4	1
7	2026-02-09 19:36:00+05	2026-02-09 20:18:00+05	13	5	1
8	2026-01-08 22:57:00+05	2026-01-08 23:40:00+05	39	6	1
9	2026-01-13 19:11:00+05	2026-01-13 19:53:00+05	30	6	1
10	2026-02-10 15:56:00+05	2026-02-10 16:26:00+05	28	6	1
11	2026-01-22 00:17:00+05	2026-01-22 00:59:00+05	32	7	1
12	2026-02-20 23:17:00+05	2026-02-21 00:01:00+05	38	7	1
13	2026-01-23 18:25:00+05	2026-01-23 18:41:00+05	25	7	1
14	2026-01-01 19:51:00+05	2026-01-01 20:02:00+05	28	1	2
15	2026-01-07 00:30:00+05	2026-01-07 00:47:00+05	22	1	2
16	2026-02-22 13:39:00+05	2026-02-22 13:49:00+05	35	2	2
17	2026-01-29 21:54:00+05	2026-01-29 22:27:00+05	15	2	2
18	2026-01-11 18:54:00+05	2026-01-11 19:10:00+05	29	3	2
19	2026-01-02 13:33:00+05	2026-01-02 14:05:00+05	39	3	2
20	2026-02-26 16:52:00+05	2026-02-26 17:34:00+05	27	3	2
21	2026-01-23 18:45:00+05	2026-01-23 19:10:00+05	40	4	2
22	2026-01-03 17:17:00+05	2026-01-03 17:36:00+05	39	4	2
23	2026-02-23 16:43:00+05	2026-02-23 17:06:00+05	37	5	2
24	2026-02-15 15:43:00+05	2026-02-15 16:05:00+05	37	5	2
25	2026-02-22 00:17:00+05	2026-02-22 00:31:00+05	34	5	2
26	2026-01-04 16:35:00+05	2026-01-04 16:48:00+05	25	6	2
27	2026-01-07 15:24:00+05	2026-01-07 15:59:00+05	29	7	2
28	2026-01-05 13:02:00+05	2026-01-05 13:20:00+05	33	3	3
29	2026-01-11 22:24:00+05	2026-01-11 22:39:00+05	39	3	3
30	2026-02-28 19:56:00+05	2026-02-28 20:31:00+05	39	4	3
31	2026-01-03 22:22:00+05	2026-01-03 22:50:00+05	30	4	3
32	2026-01-05 21:57:00+05	2026-01-05 22:34:00+05	32	5	3
33	2026-02-28 21:44:00+05	2026-02-28 22:19:00+05	29	5	3
34	2026-01-02 16:21:00+05	2026-01-02 16:41:00+05	19	5	3
35	2026-02-10 23:21:00+05	2026-02-10 23:32:00+05	39	6	3
36	2026-02-14 22:08:00+05	2026-02-14 22:41:00+05	39	7	3
37	2026-02-11 17:23:00+05	2026-02-11 17:46:00+05	44	7	3
38	2026-02-18 23:59:00+05	2026-02-19 00:27:00+05	29	7	3
39	2026-02-27 00:39:00+05	2026-02-27 01:17:00+05	45	1	4
40	2026-02-20 22:29:00+05	2026-02-20 22:51:00+05	28	1	4
41	2026-02-24 23:51:00+05	2026-02-25 00:21:00+05	39	1	4
42	2026-02-15 17:47:00+05	2026-02-15 18:07:00+05	39	2	4
43	2026-02-20 23:49:00+05	2026-02-20 23:59:00+05	35	2	4
44	2026-01-15 17:25:00+05	2026-01-15 17:46:00+05	39	2	4
45	2026-01-13 17:12:00+05	2026-01-13 17:22:00+05	34	3	4
46	2026-02-28 19:34:00+05	2026-02-28 20:12:00+05	23	3	4
47	2026-01-22 00:39:00+05	2026-01-22 01:04:00+05	39	3	4
48	2026-02-04 18:51:00+05	2026-02-04 19:21:00+05	37	4	4
49	2026-01-29 21:37:00+05	2026-01-29 22:19:00+05	34	4	4
50	2026-02-16 15:37:00+05	2026-02-16 16:17:00+05	38	5	4
51	2026-02-14 14:35:00+05	2026-02-14 14:59:00+05	32	5	4
52	2026-01-05 13:25:00+05	2026-01-05 13:54:00+05	38	5	4
53	2026-01-25 00:12:00+05	2026-01-25 00:33:00+05	33	6	4
54	2026-02-25 14:58:00+05	2026-02-25 15:16:00+05	39	6	4
55	2026-02-21 17:46:00+05	2026-02-21 17:56:00+05	40	7	4
56	2026-01-29 18:17:00+05	2026-01-29 18:29:00+05	40	7	4
57	2026-02-06 23:16:00+05	2026-02-06 23:49:00+05	29	4	5
58	2026-02-03 15:54:00+05	2026-02-03 16:30:00+05	27	4	5
59	2026-02-08 13:12:00+05	2026-02-08 13:56:00+05	40	1	6
60	2026-01-01 13:15:00+05	2026-01-01 13:43:00+05	34	1	6
61	2026-02-16 14:18:00+05	2026-02-16 14:57:00+05	38	2	6
62	2026-02-24 19:09:00+05	2026-02-24 19:47:00+05	40	3	6
63	2026-01-27 20:41:00+05	2026-01-27 20:51:00+05	23	4	6
64	2026-01-03 17:43:00+05	2026-01-03 18:10:00+05	32	4	6
65	2026-02-17 21:15:00+05	2026-02-17 21:53:00+05	38	4	6
66	2026-02-01 18:58:00+05	2026-02-01 19:17:00+05	28	5	6
67	2026-01-02 14:22:00+05	2026-01-02 14:33:00+05	38	6	6
68	2026-02-26 21:05:00+05	2026-02-26 21:29:00+05	24	6	6
69	2026-02-13 16:32:00+05	2026-02-13 16:56:00+05	23	6	6
70	2026-01-15 15:06:00+05	2026-01-15 15:16:00+05	29	7	6
71	2026-01-02 19:20:00+05	2026-01-02 19:51:00+05	37	7	6
72	2026-02-18 14:07:00+05	2026-02-18 14:17:00+05	27	1	7
73	2026-01-27 00:33:00+05	2026-01-27 00:44:00+05	37	1	7
74	2026-02-21 14:15:00+05	2026-02-21 14:25:00+05	33	1	7
75	2026-02-08 18:13:00+05	2026-02-08 18:24:00+05	32	2	7
76	2026-02-26 15:25:00+05	2026-02-26 16:05:00+05	20	2	7
77	2026-01-31 20:36:00+05	2026-01-31 20:48:00+05	35	3	7
78	2026-02-14 23:29:00+05	2026-02-14 23:40:00+05	32	4	7
79	2026-02-10 13:48:00+05	2026-02-10 14:31:00+05	35	4	7
80	2026-02-04 13:51:00+05	2026-02-04 14:18:00+05	35	4	7
81	2026-01-23 16:58:00+05	2026-01-23 17:36:00+05	40	5	7
82	2026-02-20 15:18:00+05	2026-02-20 15:32:00+05	32	5	7
83	2026-02-19 21:30:00+05	2026-02-19 21:59:00+05	27	5	7
84	2026-02-05 15:20:00+05	2026-02-05 15:34:00+05	40	6	7
85	2026-01-02 14:09:00+05	2026-01-02 14:47:00+05	39	6	7
86	2026-02-12 23:35:00+05	2026-02-12 23:50:00+05	44	7	7
87	2026-02-07 18:38:00+05	2026-02-07 18:58:00+05	38	7	7
88	2026-02-10 21:36:00+05	2026-02-10 22:05:00+05	43	1	8
89	2026-02-21 14:52:00+05	2026-02-21 15:24:00+05	38	2	8
90	2026-02-09 19:55:00+05	2026-02-09 20:20:00+05	38	2	8
91	2026-01-30 00:46:00+05	2026-01-30 01:08:00+05	27	3	8
92	2026-01-08 13:11:00+05	2026-01-08 13:21:00+05	39	3	8
93	2026-01-10 21:45:00+05	2026-01-10 22:25:00+05	34	4	8
94	2026-01-07 23:41:00+05	2026-01-07 23:51:00+05	34	5	8
95	2026-01-17 13:39:00+05	2026-01-17 14:14:00+05	35	6	8
96	2026-02-06 00:33:00+05	2026-02-06 00:46:00+05	27	7	8
97	2026-02-27 20:02:00+05	2026-02-27 20:24:00+05	33	7	8
98	2026-02-23 20:45:00+05	2026-02-23 21:22:00+05	33	7	8
99	2026-01-16 00:21:00+05	2026-01-16 00:39:00+05	35	3	9
100	2026-02-11 19:20:00+05	2026-02-11 19:54:00+05	35	3	9
101	2026-01-06 14:05:00+05	2026-01-06 14:47:00+05	27	4	9
102	2026-01-29 16:38:00+05	2026-01-29 16:50:00+05	23	4	9
103	2026-02-12 20:40:00+05	2026-02-12 21:08:00+05	23	4	9
104	2026-02-26 18:23:00+05	2026-02-26 19:05:00+05	34	5	9
105	2026-02-19 19:42:00+05	2026-02-19 20:16:00+05	27	5	9
106	2026-01-21 16:42:00+05	2026-01-21 17:24:00+05	33	6	9
107	2026-02-10 14:50:00+05	2026-02-10 15:04:00+05	44	6	9
108	2026-01-30 20:47:00+05	2026-01-30 21:18:00+05	34	6	9
109	2026-02-11 20:38:00+05	2026-02-11 21:16:00+05	40	7	9
110	2026-02-09 23:19:00+05	2026-02-09 23:55:00+05	28	7	9
111	2026-01-13 19:35:00+05	2026-01-13 20:09:00+05	38	1	10
112	2026-02-17 22:28:00+05	2026-02-17 22:52:00+05	34	1	10
113	2026-02-16 13:48:00+05	2026-02-16 14:14:00+05	35	1	10
114	2026-01-30 17:59:00+05	2026-01-30 18:40:00+05	44	2	10
115	2026-01-13 22:55:00+05	2026-01-13 23:14:00+05	28	3	10
116	2026-01-11 21:16:00+05	2026-01-11 21:41:00+05	33	3	10
117	2026-01-08 23:59:00+05	2026-01-09 00:24:00+05	38	4	10
118	2026-01-26 19:11:00+05	2026-01-26 19:44:00+05	28	4	10
119	2026-02-25 23:40:00+05	2026-02-26 00:02:00+05	37	5	10
120	2026-02-02 20:23:00+05	2026-02-02 20:47:00+05	35	5	10
121	2026-02-06 22:11:00+05	2026-02-06 22:40:00+05	24	6	10
122	2026-01-15 17:57:00+05	2026-01-15 18:09:00+05	30	6	10
123	2026-02-25 15:02:00+05	2026-02-25 15:20:00+05	39	6	10
124	2026-01-06 00:04:00+05	2026-01-06 00:48:00+05	37	7	10
125	2026-02-15 17:52:00+05	2026-02-15 18:33:00+05	43	4	11
126	2026-01-18 18:57:00+05	2026-01-18 19:37:00+05	28	4	11
127	2026-02-18 00:36:00+05	2026-02-18 00:53:00+05	30	4	11
128	2026-02-19 17:55:00+05	2026-02-19 18:38:00+05	23	1	12
129	2026-02-22 16:35:00+05	2026-02-22 17:08:00+05	25	2	12
130	2026-01-22 19:19:00+05	2026-01-22 20:03:00+05	35	3	12
131	2026-01-28 20:57:00+05	2026-01-28 21:10:00+05	38	4	12
132	2026-01-03 18:09:00+05	2026-01-03 18:46:00+05	28	4	12
133	2026-01-12 15:06:00+05	2026-01-12 15:37:00+05	42	5	12
134	2026-01-12 19:46:00+05	2026-01-12 19:57:00+05	33	6	12
135	2026-02-13 16:22:00+05	2026-02-13 16:49:00+05	39	6	12
136	2026-01-31 14:48:00+05	2026-01-31 14:58:00+05	34	7	12
137	2026-02-11 21:05:00+05	2026-02-11 21:36:00+05	39	1	13
138	2026-02-19 14:09:00+05	2026-02-19 14:29:00+05	24	1	13
139	2026-02-12 21:27:00+05	2026-02-12 21:55:00+05	39	2	13
140	2026-02-26 20:47:00+05	2026-02-26 21:14:00+05	29	3	13
141	2026-02-22 00:16:00+05	2026-02-22 00:50:00+05	37	3	13
142	2026-01-19 21:39:00+05	2026-01-19 21:53:00+05	35	4	13
143	2026-01-27 22:54:00+05	2026-01-27 23:24:00+05	32	4	13
144	2026-02-12 16:02:00+05	2026-02-12 16:44:00+05	40	4	13
145	2026-01-19 16:48:00+05	2026-01-19 17:07:00+05	40	5	13
146	2026-01-31 22:28:00+05	2026-01-31 22:40:00+05	28	6	13
147	2026-02-24 16:51:00+05	2026-02-24 17:03:00+05	29	6	13
148	2026-01-27 18:12:00+05	2026-01-27 18:43:00+05	19	7	13
149	2026-01-04 17:31:00+05	2026-01-04 17:42:00+05	27	7	13
150	2026-01-11 20:33:00+05	2026-01-11 20:53:00+05	39	1	14
151	2026-01-29 00:37:00+05	2026-01-29 01:16:00+05	39	1	14
152	2026-01-21 17:48:00+05	2026-01-21 18:31:00+05	42	1	14
153	2026-01-21 20:18:00+05	2026-01-21 20:28:00+05	27	2	14
154	2026-02-09 18:27:00+05	2026-02-09 19:05:00+05	29	2	14
155	2026-02-13 00:56:00+05	2026-02-13 01:38:00+05	37	2	14
156	2026-01-17 14:40:00+05	2026-01-17 15:13:00+05	43	3	14
157	2026-02-16 19:23:00+05	2026-02-16 19:34:00+05	37	4	14
158	2026-02-13 22:06:00+05	2026-02-13 22:37:00+05	34	4	14
159	2026-02-16 00:38:00+05	2026-02-16 01:21:00+05	25	5	14
160	2026-02-21 23:12:00+05	2026-02-21 23:35:00+05	35	6	14
161	2026-02-06 18:23:00+05	2026-02-06 18:52:00+05	48	6	14
162	2026-02-02 16:40:00+05	2026-02-02 17:12:00+05	18	7	14
163	2026-01-07 18:54:00+05	2026-01-07 19:20:00+05	37	3	15
164	2026-02-05 16:23:00+05	2026-02-05 17:05:00+05	28	3	15
165	2026-02-10 00:53:00+05	2026-02-10 01:03:00+05	23	3	15
166	2026-01-28 14:15:00+05	2026-01-28 14:57:00+05	44	4	15
167	2026-02-27 23:53:00+05	2026-02-28 00:04:00+05	24	4	15
168	2026-01-06 14:46:00+05	2026-01-06 15:30:00+05	45	5	15
169	2026-01-10 17:43:00+05	2026-01-10 17:59:00+05	22	5	15
170	2026-02-04 19:52:00+05	2026-02-04 20:36:00+05	40	5	15
171	2026-02-04 18:19:00+05	2026-02-04 18:43:00+05	45	6	15
172	2026-01-11 13:24:00+05	2026-01-11 14:06:00+05	38	7	15
173	2026-01-31 17:30:00+05	2026-01-31 17:46:00+05	28	7	15
174	2026-01-21 17:35:00+05	2026-01-21 17:56:00+05	22	1	16
175	2026-01-25 18:47:00+05	2026-01-25 19:13:00+05	25	1	16
176	2026-02-25 15:10:00+05	2026-02-25 15:36:00+05	22	1	16
177	2026-01-03 21:17:00+05	2026-01-03 21:29:00+05	37	2	16
178	2026-02-10 16:35:00+05	2026-02-10 17:17:00+05	38	2	16
179	2026-01-10 19:22:00+05	2026-01-10 19:43:00+05	25	3	16
180	2026-02-05 15:47:00+05	2026-02-05 16:30:00+05	30	4	16
181	2026-02-08 22:00:00+05	2026-02-08 22:23:00+05	40	4	16
182	2026-02-15 00:28:00+05	2026-02-15 00:52:00+05	29	4	16
183	2026-01-31 20:53:00+05	2026-01-31 21:05:00+05	40	5	16
184	2026-01-31 19:19:00+05	2026-01-31 19:55:00+05	14	5	16
185	2026-01-18 19:20:00+05	2026-01-18 19:49:00+05	35	6	16
186	2026-01-06 15:16:00+05	2026-01-06 15:40:00+05	37	6	16
187	2026-01-24 18:30:00+05	2026-01-24 18:54:00+05	38	7	16
188	2026-02-24 20:21:00+05	2026-02-24 20:55:00+05	33	4	17
189	2026-02-22 13:15:00+05	2026-02-22 13:27:00+05	14	4	17
190	2026-01-07 21:29:00+05	2026-01-07 21:53:00+05	35	1	18
191	2026-02-27 14:16:00+05	2026-02-27 14:55:00+05	33	1	18
192	2026-02-24 19:17:00+05	2026-02-24 19:29:00+05	39	1	18
193	2026-02-06 22:51:00+05	2026-02-06 23:25:00+05	29	2	18
194	2026-02-16 15:29:00+05	2026-02-16 16:05:00+05	33	2	18
195	2026-01-26 23:49:00+05	2026-01-27 00:06:00+05	18	3	18
196	2026-01-28 21:29:00+05	2026-01-28 21:55:00+05	34	4	18
197	2026-02-06 20:42:00+05	2026-02-06 20:59:00+05	38	4	18
198	2026-01-03 18:27:00+05	2026-01-03 18:50:00+05	30	4	18
199	2026-01-27 18:05:00+05	2026-01-27 18:44:00+05	38	5	18
200	2026-01-16 21:46:00+05	2026-01-16 22:28:00+05	34	6	18
201	2026-01-21 16:44:00+05	2026-01-21 17:06:00+05	40	7	18
202	2026-01-30 00:18:00+05	2026-01-30 00:33:00+05	32	7	18
203	2026-01-03 17:32:00+05	2026-01-03 17:46:00+05	28	7	18
204	2026-01-12 00:55:00+05	2026-01-12 01:38:00+05	22	1	19
205	2026-01-22 19:45:00+05	2026-01-22 19:58:00+05	39	1	19
206	2026-02-19 23:55:00+05	2026-02-20 00:31:00+05	25	1	19
207	2026-02-11 17:58:00+05	2026-02-11 18:37:00+05	38	2	19
208	2026-01-04 23:02:00+05	2026-01-04 23:32:00+05	40	2	19
209	2026-02-07 16:27:00+05	2026-02-07 16:55:00+05	23	2	19
210	2026-02-12 23:31:00+05	2026-02-13 00:15:00+05	30	3	19
211	2026-01-23 16:03:00+05	2026-01-23 16:39:00+05	29	4	19
212	2026-02-14 00:02:00+05	2026-02-14 00:31:00+05	25	5	19
213	2026-01-01 14:30:00+05	2026-01-01 15:04:00+05	37	6	19
214	2026-02-07 18:56:00+05	2026-02-07 19:13:00+05	40	6	19
215	2026-01-25 23:41:00+05	2026-01-26 00:23:00+05	33	7	19
216	2026-02-02 13:36:00+05	2026-02-02 13:52:00+05	33	7	19
217	2026-02-21 19:59:00+05	2026-02-21 20:19:00+05	38	7	19
218	2026-02-15 21:59:00+05	2026-02-15 22:33:00+05	40	1	20
219	2026-02-18 17:02:00+05	2026-02-18 17:19:00+05	29	1	20
220	2026-01-14 21:34:00+05	2026-01-14 21:52:00+05	40	2	20
221	2026-01-26 16:40:00+05	2026-01-26 16:57:00+05	40	2	20
222	2026-02-02 21:24:00+05	2026-02-02 21:36:00+05	30	3	20
223	2026-01-14 19:30:00+05	2026-01-14 19:46:00+05	37	3	20
224	2026-02-10 21:49:00+05	2026-02-10 22:33:00+05	35	4	20
225	2026-01-09 14:25:00+05	2026-01-09 14:48:00+05	35	5	20
226	2026-01-27 13:29:00+05	2026-01-27 14:11:00+05	39	6	20
227	2026-01-08 23:20:00+05	2026-01-08 23:41:00+05	39	7	20
228	2026-01-29 21:04:00+05	2026-01-29 21:44:00+05	35	7	20
229	2026-02-27 23:02:00+05	2026-02-27 23:18:00+05	39	7	20
\.


--
-- TOC entry 5096 (class 0 OID 50626)
-- Dependencies: 219
-- Data for Name: courses; Type: TABLE DATA; Schema: public; Owner: postgres
--

COPY public.courses (id, name) FROM stdin;
1	1 курс
2	2 курс
3	3 курс
\.


--
-- TOC entry 5098 (class 0 OID 50634)
-- Dependencies: 221
-- Data for Name: directions; Type: TABLE DATA; Schema: public; Owner: postgres
--

COPY public.directions (id, name) FROM stdin;
1	Бэкенд
2	Фронтенд
3	Дизайн
\.


--
-- TOC entry 5106 (class 0 OID 50670)
-- Dependencies: 229
-- Data for Name: groups; Type: TABLE DATA; Schema: public; Owner: postgres
--

COPY public.groups (id, name, directionid, courseid, projectid) FROM stdin;
1	3КБ2	1	3	1
2	2КБ6	1	2	1
3	ПФ4	2	1	2
4	2ПБ9	1	2	2
5	КД8	3	1	1
6	3ПБ1	1	3	2
\.


--
-- TOC entry 5100 (class 0 OID 50642)
-- Dependencies: 223
-- Data for Name: projects; Type: TABLE DATA; Schema: public; Owner: postgres
--

COPY public.projects (id, name) FROM stdin;
1	КОД
2	ПАЗЛ
\.


--
-- TOC entry 5108 (class 0 OID 50693)
-- Dependencies: 231
-- Data for Name: questions; Type: TABLE DATA; Schema: public; Owner: postgres
--

COPY public.questions (id, text, number, description, answertype, isscoring, maxscore, testid) FROM stdin;
1	Вопрос 1: Что верно для 'классы и объекты' в Основы C#?	1	Проверка: классы и объекты	SingleChoice	t	10	1
2	Вопрос 2: Какой результат кода с 'наследование'?	2	Проверка: наследование	MultipleChoice	t	10	1
3	Вопрос 3: Какой подход рекомендуется для 'интерфейсы'?	3	Проверка: интерфейсы	SingleChoice	t	10	1
4	Вопрос 4: Выберите правильное о 'исключения':	4	Проверка: исключения	MultipleChoice	t	10	1
5	Вопрос 5: Что верно для 'дженерики' в Основы C#?	5	Проверка: дженерики	Text	t	10	1
6	Вопрос 1: Какой результат кода с 'конвейер запросов'?	1	Проверка: конвейер запросов	SingleChoice	t	10	2
7	Вопрос 2: Какой результат кода с 'внедрение зависимостей'?	2	Проверка: внедрение зависимостей	MultipleChoice	t	10	2
8	Вопрос 3: Какой результат кода с 'appsettings'?	3	Проверка: appsettings	SingleChoice	t	10	2
9	Вопрос 4: Выберите правильное о 'логирование':	4	Проверка: логирование	MultipleChoice	t	10	2
10	Вопрос 5: Что верно для 'аутентификация' в ASP.NET Core Middleware?	5	Проверка: аутентификация	Text	t	10	2
11	Вопрос 1: Что верно для 'JOIN и подзапросы' в SQL и EF Core?	1	Проверка: JOIN и подзапросы	SingleChoice	t	10	3
12	Вопрос 2: Какой подход рекомендуется для 'индексы'?	2	Проверка: индексы	MultipleChoice	t	10	3
13	Вопрос 3: Что будет, если нарушить 'миграции EF Core'?	3	Проверка: миграции EF Core	SingleChoice	t	10	3
14	Вопрос 4: Выберите правильное о 'LINQ':	4	Проверка: LINQ	MultipleChoice	t	10	3
15	Вопрос 5: Что верно для 'транзакции' в SQL и EF Core?	5	Проверка: транзакции	Text	t	10	3
16	Вопрос 1: Выберите правильное о 'списки и очереди':	1	Проверка: списки и очереди	SingleChoice	t	10	4
17	Вопрос 2: Что верно для 'деревья' в Алгоритмы и структуры данных?	2	Проверка: деревья	MultipleChoice	t	10	4
18	Вопрос 3: Что верно для 'сортировки' в Алгоритмы и структуры данных?	3	Проверка: сортировки	SingleChoice	t	10	4
19	Вопрос 4: Какой результат кода с 'хеш-таблицы'?	4	Проверка: хеш-таблицы	MultipleChoice	t	10	4
20	Вопрос 5: Выберите правильное о 'поиск':	5	Проверка: поиск	Text	t	10	4
21	Вопрос 1: Какой подход рекомендуется для 'HTTP методы'?	1	Проверка: HTTP методы	SingleChoice	t	10	5
22	Вопрос 2: Какой результат кода с 'статус коды'?	2	Проверка: статус коды	MultipleChoice	t	10	5
23	Вопрос 3: Что верно для 'версионирование' в REST API дизайн?	3	Проверка: версионирование	SingleChoice	t	10	5
24	Вопрос 4: Что верно для 'пагинация' в REST API дизайн?	4	Проверка: пагинация	MultipleChoice	t	10	5
25	Вопрос 5: Что верно для 'валидация' в REST API дизайн?	5	Проверка: валидация	Text	t	10	5
26	Вопрос 1: Какой подход рекомендуется для 'xUnit основы'?	1	Проверка: xUnit основы	SingleChoice	t	10	6
27	Вопрос 2: Какой результат кода с 'Moq'?	2	Проверка: Moq	MultipleChoice	t	10	6
28	Вопрос 3: Какой подход рекомендуется для 'интеграционные тесты'?	3	Проверка: интеграционные тесты	SingleChoice	t	10	6
29	Вопрос 4: Что верно для 'TDD' в Тестирование в .NET?	4	Проверка: TDD	MultipleChoice	t	10	6
30	Вопрос 5: Что верно для 'покрытие кода' в Тестирование в .NET?	5	Проверка: покрытие кода	Text	t	10	6
31	Вопрос 1: Какой подход рекомендуется для 'XSS/CSRF'?	1	Проверка: XSS/CSRF	SingleChoice	t	10	7
32	Вопрос 2: Какой подход рекомендуется для 'SQL-инъекции'?	2	Проверка: SQL-инъекции	MultipleChoice	t	10	7
33	Вопрос 3: Какой результат кода с 'JWT'?	3	Проверка: JWT	SingleChoice	t	10	7
34	Вопрос 4: Что верно для 'хэширование' в Безопасность приложений?	4	Проверка: хэширование	MultipleChoice	t	10	7
35	Вопрос 5: Какой результат кода с 'CORS'?	5	Проверка: CORS	Text	t	10	7
\.


--
-- TOC entry 5113 (class 0 OID 50752)
-- Dependencies: 236
-- Data for Name: refreshtokens; Type: TABLE DATA; Schema: public; Owner: postgres
--

COPY public.refreshtokens (id, tokenhash, userid, createdat, expiresat, revokedat) FROM stdin;
\.


--
-- TOC entry 5121 (class 0 OID 50822)
-- Dependencies: 244
-- Data for Name: student_groups; Type: TABLE DATA; Schema: public; Owner: postgres
--

COPY public.student_groups (groupsid, studentsid) FROM stdin;
1	1
1	7
1	13
1	19
2	1
2	2
2	7
2	8
2	13
2	14
2	19
2	20
3	3
3	9
3	15
4	4
4	10
4	16
5	4
5	5
5	10
5	11
5	16
5	17
6	6
6	12
6	18
\.


--
-- TOC entry 5115 (class 0 OID 50765)
-- Dependencies: 238
-- Data for Name: students; Type: TABLE DATA; Schema: public; Owner: postgres
--

COPY public.students (id, phone, vkprofilelink, avatarpath, userid) FROM stdin;
1	+79990010001	https://vk.com/id100000000	\N	101
2	+79990020002	https://vk.com/id200000000	\N	102
3	+79990030003	https://vk.com/id300000000	\N	103
4	+79990040004	https://vk.com/id400000000	\N	104
5	+79990050005	https://vk.com/id500000000	\N	105
6	+79990060006	https://vk.com/id600000000	\N	106
7	+79990070007	https://vk.com/id700000000	\N	107
8	+79990080008	https://vk.com/id800000000	\N	108
9	+79990090009	https://vk.com/id900000000	\N	109
10	+79990100010	https://vk.com/id1000000000	\N	110
11	+79990110011	https://vk.com/id1100000000	\N	111
12	+79990120012	https://vk.com/id1200000000	\N	112
13	+79990130013	https://vk.com/id1300000000	\N	113
14	+79990140014	https://vk.com/id1400000000	\N	114
15	+79990150015	https://vk.com/id1500000000	\N	115
16	+79990160016	https://vk.com/id1600000000	\N	116
17	+79990170017	https://vk.com/id1700000000	\N	117
18	+79990180018	https://vk.com/id1800000000	\N	118
19	+79990190019	https://vk.com/id1900000000	\N	119
20	+79990200020	https://vk.com/id2000000000	\N	120
\.


--
-- TOC entry 5109 (class 0 OID 50706)
-- Dependencies: 232
-- Data for Name: test_courses; Type: TABLE DATA; Schema: public; Owner: postgres
--

COPY public.test_courses (coursesid, testsid) FROM stdin;
\.


--
-- TOC entry 5110 (class 0 OID 50721)
-- Dependencies: 233
-- Data for Name: test_directions; Type: TABLE DATA; Schema: public; Owner: postgres
--

COPY public.test_directions (directionsid, testsid) FROM stdin;
\.


--
-- TOC entry 5116 (class 0 OID 50777)
-- Dependencies: 239
-- Data for Name: test_groups; Type: TABLE DATA; Schema: public; Owner: postgres
--

COPY public.test_groups (groupsid, testsid) FROM stdin;
1	1
1	2
1	3
1	4
1	5
1	6
1	7
2	1
2	2
2	3
2	4
2	5
2	6
2	7
3	3
3	4
3	5
3	6
3	7
4	1
4	2
4	3
4	4
4	5
4	6
4	7
5	4
6	1
6	2
6	3
6	4
6	5
6	6
6	7
\.


--
-- TOC entry 5111 (class 0 OID 50736)
-- Dependencies: 234
-- Data for Name: test_projects; Type: TABLE DATA; Schema: public; Owner: postgres
--

COPY public.test_projects (projectsid, testsid) FROM stdin;
\.


--
-- TOC entry 5122 (class 0 OID 50837)
-- Dependencies: 245
-- Data for Name: test_students; Type: TABLE DATA; Schema: public; Owner: postgres
--

COPY public.test_students (studentsid, testsid) FROM stdin;
\.


--
-- TOC entry 5124 (class 0 OID 50853)
-- Dependencies: 247
-- Data for Name: testresults; Type: TABLE DATA; Schema: public; Owner: postgres
--

COPY public.testresults (id, passed, testid, attemptid, studentid) FROM stdin;
1	t	1	1	1
3	t	2	3	1
4	t	3	4	1
5	t	4	5	1
6	f	5	7	1
7	t	6	8	1
9	t	7	12	1
10	f	1	14	2
11	t	2	16	2
13	t	3	19	2
14	t	4	21	2
15	t	5	23	2
16	f	6	26	2
17	f	7	27	2
19	t	3	29	3
20	t	4	30	3
21	f	5	32	3
22	t	6	35	3
24	t	7	37	3
25	t	1	39	4
26	t	2	42	4
28	t	3	47	4
29	t	4	48	4
30	t	5	50	4
32	t	6	54	4
33	t	7	55	4
34	f	4	57	5
35	t	1	59	6
36	t	2	61	6
37	t	3	62	6
40	t	4	65	6
41	f	5	66	6
42	t	6	67	6
44	t	7	71	6
46	t	1	73	7
47	f	2	75	7
48	t	3	77	7
50	t	4	79	7
51	t	5	81	7
52	t	6	84	7
53	t	7	86	7
54	t	1	88	8
55	t	2	89	8
57	t	3	92	8
58	f	4	93	8
59	f	5	94	8
60	t	6	95	8
62	f	7	97	8
63	t	3	99	9
64	f	4	101	9
65	f	5	104	9
67	t	6	107	9
68	t	7	109	9
69	t	1	111	10
70	t	2	114	10
72	f	3	116	10
73	t	4	117	10
74	t	5	119	10
77	t	6	123	10
78	t	7	124	10
79	t	4	125	11
80	f	1	128	12
81	f	2	129	12
82	t	3	130	12
83	t	4	131	12
84	t	5	133	12
86	t	6	135	12
87	f	7	136	12
88	t	1	137	13
89	t	2	139	13
91	t	3	141	13
93	t	4	144	13
94	t	5	145	13
96	f	6	147	13
98	f	7	149	13
100	t	1	152	14
103	t	2	155	14
104	t	3	156	14
105	t	4	157	14
106	f	5	159	14
108	t	6	161	14
109	f	7	162	14
110	t	3	163	15
111	t	4	166	15
112	t	5	168	15
113	t	6	171	15
114	t	7	172	15
116	f	1	175	16
118	t	2	178	16
119	f	3	179	16
121	t	4	181	16
122	t	5	183	16
124	t	6	186	16
125	t	7	187	16
126	f	4	188	17
128	t	1	192	18
130	f	2	194	18
131	f	3	195	18
133	t	4	197	18
134	t	5	199	18
135	f	6	200	18
136	t	7	201	18
138	t	1	205	19
140	t	2	208	19
141	f	3	210	19
142	f	4	211	19
143	f	5	212	19
145	t	6	214	19
147	t	7	217	19
148	t	1	218	20
149	t	2	220	20
151	t	3	223	20
152	t	4	224	20
153	t	5	225	20
154	t	6	226	20
155	t	7	227	20
\.


--
-- TOC entry 5102 (class 0 OID 50650)
-- Dependencies: 225
-- Data for Name: tests; Type: TABLE DATA; Schema: public; Owner: postgres
--

COPY public.tests (id, title, description, isrepeatable, type, createdat, publishedat, deadline, durationminutes, ispublic, passingscore, maxattempts) FROM stdin;
1	Основы C#	Проверка знаний синтаксиса, ООП и основных конструкций C#	t	Education	2025-12-21 16:19:50.077275+05	2026-02-08 16:19:50.077275+05	2026-03-10 16:19:50.077275+05	61	t	70	3
2	ASP.NET Core Middleware	Конвейер запросов, DI, конфигурация и безопасность	t	Education	2025-12-16 16:19:50.077275+05	2026-02-04 16:19:50.077275+05	2026-03-13 16:19:50.077275+05	60	t	70	3
3	SQL и EF Core	Работа с базами данных: запросы, миграции, производительность	t	Education	2025-12-13 16:19:50.077275+05	2026-01-20 16:19:50.077275+05	2026-03-17 16:19:50.077275+05	39	t	70	3
4	Алгоритмы и структуры данных	Базовые алгоритмы, оценка сложности, выбор структур	t	Education	2025-12-19 16:19:50.077275+05	2026-02-08 16:19:50.077275+05	2026-03-28 16:19:50.077275+05	71	t	70	3
5	REST API дизайн	Принципы построения корректных и масштабируемых API	t	Education	2025-12-12 16:19:50.077275+05	2026-02-14 16:19:50.077275+05	2026-03-20 16:19:50.077275+05	78	t	70	3
6	Тестирование в .NET	Unit- и интеграционное тестирование, моки, TDD	t	Education	2025-12-15 16:19:50.077275+05	2026-01-17 16:19:50.077275+05	2026-03-10 16:19:50.077275+05	44	t	70	3
7	Безопасность приложений	Защита от уязвимостей, аутентификация, авторизация	t	Education	2025-12-25 16:19:50.077275+05	2026-01-22 16:19:50.077275+05	2026-03-09 16:19:50.077275+05	55	t	70	3
\.


--
-- TOC entry 5126 (class 0 OID 50874)
-- Dependencies: 249
-- Data for Name: userattemptanswers; Type: TABLE DATA; Schema: public; Owner: postgres
--

COPY public.userattemptanswers (id, iscorrect, scoreawarded, attemptid, questionid) FROM stdin;
1	t	10	1	1
2	f	5	1	2
3	t	10	1	3
4	f	5	1	4
5	f	8	1	5
6	f	0	2	6
7	f	5	2	7
8	t	10	2	8
9	f	5	2	9
10	f	8	2	10
11	t	10	3	6
12	f	5	3	7
13	t	10	3	8
14	f	5	3	9
15	f	8	3	10
16	t	10	4	11
17	f	5	4	12
18	t	10	4	13
19	f	5	4	14
20	f	9	4	15
21	t	10	5	16
22	f	5	5	17
23	t	10	5	18
24	f	5	5	19
25	t	10	5	20
26	t	10	6	16
27	f	5	6	17
28	f	0	6	18
29	f	5	6	19
30	t	10	6	20
31	f	0	7	21
32	f	0	7	22
33	f	0	7	23
34	f	5	7	24
35	f	8	7	25
36	t	10	8	26
37	f	5	8	27
38	t	10	8	28
39	f	5	8	29
40	f	9	8	30
41	t	10	9	26
42	f	5	9	27
43	f	0	9	28
44	f	5	9	29
45	t	10	9	30
46	t	10	10	26
47	f	5	10	27
48	f	0	10	28
49	f	5	10	29
50	f	8	10	30
51	t	10	11	31
52	f	5	11	32
53	t	10	11	33
54	f	0	11	34
55	f	7	11	35
56	t	10	12	31
57	f	5	12	32
58	t	10	12	33
59	f	5	12	34
60	f	8	12	35
61	f	0	13	31
62	f	5	13	32
63	t	10	13	33
64	f	0	13	34
65	t	10	13	35
66	t	10	14	1
67	f	0	14	2
68	t	10	14	3
69	f	0	14	4
70	f	8	14	5
71	f	0	15	1
72	f	0	15	2
73	t	10	15	3
74	f	5	15	4
75	f	7	15	5
76	t	10	16	6
77	f	5	16	7
78	f	0	16	8
79	t	10	16	9
80	t	10	16	10
81	f	0	17	6
82	f	5	17	7
83	f	0	17	8
84	f	0	17	9
85	t	10	17	10
86	t	10	18	11
87	f	5	18	12
88	f	0	18	13
89	f	5	18	14
90	f	9	18	15
91	t	10	19	11
92	f	5	19	12
93	t	10	19	13
94	f	5	19	14
95	f	9	19	15
96	f	0	20	11
97	f	5	20	12
98	t	10	20	13
99	f	5	20	14
100	f	7	20	15
101	t	10	21	16
102	f	5	21	17
103	t	10	21	18
104	f	5	21	19
105	t	10	21	20
106	t	10	22	16
107	f	5	22	17
108	t	10	22	18
109	f	5	22	19
110	f	9	22	20
111	t	10	23	21
112	f	5	23	22
113	t	10	23	23
114	f	5	23	24
115	f	7	23	25
116	t	10	24	21
117	f	5	24	22
118	t	10	24	23
119	f	5	24	24
120	f	7	24	25
121	t	10	25	21
122	f	5	25	22
123	t	10	25	23
124	f	0	25	24
125	f	9	25	25
126	f	0	26	26
127	f	5	26	27
128	t	10	26	28
129	f	0	26	29
130	t	10	26	30
131	t	10	27	31
132	f	0	27	32
133	t	10	27	33
134	f	0	27	34
135	f	9	27	35
136	t	10	28	11
137	f	0	28	12
138	t	10	28	13
139	f	5	28	14
140	f	8	28	15
141	t	10	29	11
142	f	5	29	12
143	t	10	29	13
144	f	5	29	14
145	f	9	29	15
146	t	10	30	16
147	f	5	30	17
148	t	10	30	18
149	f	5	30	19
150	f	9	30	20
151	t	10	31	16
152	f	5	31	17
153	f	0	31	18
154	f	5	31	19
155	t	10	31	20
156	t	10	32	21
157	f	0	32	22
158	t	10	32	23
159	f	5	32	24
160	f	7	32	25
161	f	0	33	21
162	f	5	33	22
163	t	10	33	23
164	f	5	33	24
165	f	9	33	25
166	f	0	34	21
167	f	5	34	22
168	f	0	34	23
169	f	5	34	24
170	f	9	34	25
171	t	10	35	26
172	f	5	35	27
173	t	10	35	28
174	f	5	35	29
175	f	9	35	30
176	t	10	36	31
177	f	5	36	32
178	t	10	36	33
179	f	5	36	34
180	f	9	36	35
181	t	10	37	31
182	f	5	37	32
183	t	10	37	33
184	t	10	37	34
185	f	9	37	35
186	t	10	38	31
187	f	0	38	32
188	t	10	38	33
189	f	0	38	34
190	f	9	38	35
191	t	10	39	1
192	f	5	39	2
193	t	10	39	3
194	t	10	39	4
195	t	10	39	5
196	t	10	40	1
197	f	5	40	2
198	f	0	40	3
199	f	5	40	4
200	f	8	40	5
201	t	10	41	1
202	f	5	41	2
203	t	10	41	3
204	f	5	41	4
205	f	9	41	5
206	t	10	42	6
207	f	5	42	7
208	t	10	42	8
209	f	5	42	9
210	f	9	42	10
211	t	10	43	6
212	f	5	43	7
213	t	10	43	8
214	f	0	43	9
215	t	10	43	10
216	t	10	44	6
217	f	5	44	7
218	t	10	44	8
219	f	5	44	9
220	f	9	44	10
221	t	10	45	11
222	f	0	45	12
223	t	10	45	13
224	f	5	45	14
225	f	9	45	15
226	f	0	46	11
227	f	5	46	12
228	t	10	46	13
229	f	0	46	14
230	f	8	46	15
231	t	10	47	11
232	f	5	47	12
233	t	10	47	13
234	f	5	47	14
235	f	9	47	15
236	t	10	48	16
237	f	5	48	17
238	t	10	48	18
239	f	5	48	19
240	f	7	48	20
241	t	10	49	16
242	f	0	49	17
243	t	10	49	18
244	f	5	49	19
245	f	9	49	20
246	t	10	50	21
247	f	5	50	22
248	t	10	50	23
249	f	5	50	24
250	f	8	50	25
251	t	10	51	21
252	f	5	51	22
253	t	10	51	23
254	f	0	51	24
255	f	7	51	25
256	t	10	52	21
257	f	5	52	22
258	t	10	52	23
259	f	5	52	24
260	f	8	52	25
261	t	10	53	26
262	f	5	53	27
263	t	10	53	28
264	f	0	53	29
265	f	8	53	30
266	t	10	54	26
267	f	5	54	27
268	t	10	54	28
269	f	5	54	29
270	f	9	54	30
271	t	10	55	31
272	f	5	55	32
273	t	10	55	33
274	f	5	55	34
275	t	10	55	35
276	t	10	56	31
277	f	5	56	32
278	t	10	56	33
279	f	5	56	34
280	t	10	56	35
281	t	10	57	16
282	f	5	57	17
283	f	0	57	18
284	f	5	57	19
285	f	9	57	20
286	f	0	58	16
287	f	5	58	17
288	t	10	58	18
289	f	5	58	19
290	f	7	58	20
291	t	10	59	1
292	f	5	59	2
293	t	10	59	3
294	f	5	59	4
295	t	10	59	5
296	t	10	60	1
297	f	0	60	2
298	t	10	60	3
299	f	5	60	4
300	f	9	60	5
301	t	10	61	6
302	f	5	61	7
303	t	10	61	8
304	f	5	61	9
305	f	8	61	10
306	t	10	62	11
307	f	5	62	12
308	t	10	62	13
309	f	5	62	14
310	t	10	62	15
311	f	0	63	16
312	f	5	63	17
313	t	10	63	18
314	f	0	63	19
315	f	8	63	20
316	t	10	64	16
317	f	5	64	17
318	t	10	64	18
319	f	0	64	19
320	f	7	64	20
321	t	10	65	16
322	f	5	65	17
323	t	10	65	18
324	f	5	65	19
325	f	8	65	20
326	f	0	66	21
327	f	5	66	22
328	t	10	66	23
329	f	5	66	24
330	f	8	66	25
331	t	10	67	26
332	f	5	67	27
333	t	10	67	28
334	f	5	67	29
335	f	8	67	30
336	f	0	68	26
337	f	5	68	27
338	t	10	68	28
339	f	0	68	29
340	f	9	68	30
341	f	0	69	26
342	f	5	69	27
343	t	10	69	28
344	f	0	69	29
345	f	8	69	30
346	f	0	70	31
347	f	5	70	32
348	t	10	70	33
349	f	5	70	34
350	f	9	70	35
351	t	10	71	31
352	f	5	71	32
353	t	10	71	33
354	f	5	71	34
355	f	7	71	35
356	f	0	72	1
357	f	5	72	2
358	t	10	72	3
359	f	5	72	4
360	f	7	72	5
361	t	10	73	1
362	f	5	73	2
363	t	10	73	3
364	f	5	73	4
365	f	7	73	5
366	t	10	74	1
367	f	0	74	2
368	t	10	74	3
369	f	5	74	4
370	f	8	74	5
371	t	10	75	6
372	f	0	75	7
373	t	10	75	8
374	f	5	75	9
375	f	7	75	10
376	f	0	76	6
377	f	5	76	7
378	f	0	76	8
379	f	5	76	9
380	t	10	76	10
381	f	0	77	11
382	f	5	77	12
383	t	10	77	13
384	t	10	77	14
385	t	10	77	15
386	t	10	78	16
387	f	0	78	17
388	t	10	78	18
389	f	5	78	19
390	f	7	78	20
391	t	10	79	16
392	f	5	79	17
393	t	10	79	18
394	f	0	79	19
395	t	10	79	20
396	t	10	80	16
397	f	0	80	17
398	t	10	80	18
399	f	5	80	19
400	t	10	80	20
401	t	10	81	21
402	f	5	81	22
403	t	10	81	23
404	f	5	81	24
405	t	10	81	25
406	t	10	82	21
407	f	5	82	22
408	t	10	82	23
409	f	0	82	24
410	f	7	82	25
411	f	0	83	21
412	f	5	83	22
413	t	10	83	23
414	f	5	83	24
415	f	7	83	25
416	t	10	84	26
417	f	5	84	27
418	t	10	84	28
419	f	5	84	29
420	t	10	84	30
421	t	10	85	26
422	f	5	85	27
423	t	10	85	28
424	f	5	85	29
425	f	9	85	30
426	t	10	86	31
427	f	5	86	32
428	t	10	86	33
429	t	10	86	34
430	f	9	86	35
431	t	10	87	31
432	f	5	87	32
433	t	10	87	33
434	f	5	87	34
435	f	8	87	35
436	t	10	88	1
437	t	10	88	2
438	t	10	88	3
439	f	5	88	4
440	f	8	88	5
441	t	10	89	6
442	f	5	89	7
443	t	10	89	8
444	f	5	89	9
445	f	8	89	10
446	t	10	90	6
447	f	0	90	7
448	t	10	90	8
449	t	10	90	9
450	f	8	90	10
451	f	0	91	11
452	f	5	91	12
453	t	10	91	13
454	f	5	91	14
455	f	7	91	15
456	t	10	92	11
457	f	5	92	12
458	t	10	92	13
459	f	5	92	14
460	f	9	92	15
461	t	10	93	16
462	f	0	93	17
463	t	10	93	18
464	f	5	93	19
465	f	9	93	20
466	t	10	94	21
467	f	5	94	22
468	t	10	94	23
469	f	0	94	24
470	f	9	94	25
471	t	10	95	26
472	f	0	95	27
473	t	10	95	28
474	f	5	95	29
475	t	10	95	30
476	t	10	96	31
477	f	5	96	32
478	f	0	96	33
479	f	5	96	34
480	f	7	96	35
481	t	10	97	31
482	f	0	97	32
483	t	10	97	33
484	f	5	97	34
485	f	8	97	35
486	t	10	98	31
487	f	0	98	32
488	t	10	98	33
489	f	5	98	34
490	f	8	98	35
491	t	10	99	11
492	f	5	99	12
493	t	10	99	13
494	f	0	99	14
495	t	10	99	15
496	t	10	100	11
497	f	0	100	12
498	t	10	100	13
499	f	5	100	14
500	t	10	100	15
501	t	10	101	16
502	f	5	101	17
503	f	0	101	18
504	f	5	101	19
505	f	7	101	20
506	f	0	102	16
507	f	5	102	17
508	t	10	102	18
509	f	0	102	19
510	f	8	102	20
511	t	10	103	16
512	f	0	103	17
513	f	0	103	18
514	f	5	103	19
515	f	8	103	20
516	t	10	104	21
517	f	0	104	22
518	t	10	104	23
519	f	5	104	24
520	f	9	104	25
521	f	0	105	21
522	f	5	105	22
523	t	10	105	23
524	f	5	105	24
525	f	7	105	25
526	t	10	106	26
527	f	5	106	27
528	t	10	106	28
529	f	0	106	29
530	f	8	106	30
531	t	10	107	26
532	f	5	107	27
533	t	10	107	28
534	t	10	107	29
535	f	9	107	30
536	t	10	108	26
537	f	0	108	27
538	t	10	108	28
539	f	5	108	29
540	f	9	108	30
541	t	10	109	31
542	f	5	109	32
543	t	10	109	33
544	f	5	109	34
545	t	10	109	35
546	t	10	110	31
547	f	5	110	32
548	f	0	110	33
549	f	5	110	34
550	f	8	110	35
551	t	10	111	1
552	f	5	111	2
553	t	10	111	3
554	f	5	111	4
555	f	8	111	5
556	t	10	112	1
557	f	5	112	2
558	t	10	112	3
559	f	0	112	4
560	f	9	112	5
561	t	10	113	1
562	f	5	113	2
563	t	10	113	3
564	f	0	113	4
565	t	10	113	5
566	t	10	114	6
567	t	10	114	7
568	t	10	114	8
569	f	5	114	9
570	f	9	114	10
571	t	10	115	11
572	f	5	115	12
573	f	0	115	13
574	f	5	115	14
575	f	8	115	15
576	t	10	116	11
577	f	5	116	12
578	t	10	116	13
579	f	0	116	14
580	f	8	116	15
581	t	10	117	16
582	f	5	117	17
583	t	10	117	18
584	f	5	117	19
585	f	8	117	20
586	f	0	118	16
587	f	5	118	17
588	t	10	118	18
589	f	5	118	19
590	f	8	118	20
591	t	10	119	21
592	f	5	119	22
593	t	10	119	23
594	f	5	119	24
595	f	7	119	25
596	t	10	120	21
597	f	0	120	22
598	t	10	120	23
599	f	5	120	24
600	t	10	120	25
601	f	0	121	26
602	f	5	121	27
603	t	10	121	28
604	f	0	121	29
605	f	9	121	30
606	t	10	122	26
607	f	5	122	27
608	f	0	122	28
609	f	5	122	29
610	t	10	122	30
611	t	10	123	26
612	f	5	123	27
613	t	10	123	28
614	f	5	123	29
615	f	9	123	30
616	t	10	124	31
617	f	5	124	32
618	t	10	124	33
619	f	5	124	34
620	f	7	124	35
621	t	10	125	16
622	t	10	125	17
623	t	10	125	18
624	f	5	125	19
625	f	8	125	20
626	t	10	126	16
627	f	0	126	17
628	t	10	126	18
629	f	0	126	19
630	f	8	126	20
631	f	0	127	16
632	f	5	127	17
633	t	10	127	18
634	f	5	127	19
635	t	10	127	20
636	f	0	128	1
637	f	0	128	2
638	t	10	128	3
639	f	5	128	4
640	f	8	128	5
641	f	0	129	6
642	f	5	129	7
643	t	10	129	8
644	f	0	129	9
645	t	10	129	10
646	t	10	130	11
647	f	0	130	12
648	t	10	130	13
649	f	5	130	14
650	t	10	130	15
651	t	10	131	16
652	f	5	131	17
653	t	10	131	18
654	f	5	131	19
655	f	8	131	20
656	f	0	132	16
657	f	5	132	17
658	t	10	132	18
659	f	5	132	19
660	f	8	132	20
661	t	10	133	21
662	t	10	133	22
663	t	10	133	23
664	f	5	133	24
665	f	7	133	25
666	t	10	134	26
667	f	0	134	27
668	t	10	134	28
669	f	5	134	29
670	f	8	134	30
671	t	10	135	26
672	f	5	135	27
673	t	10	135	28
674	f	5	135	29
675	f	9	135	30
676	t	10	136	31
677	f	0	136	32
678	t	10	136	33
679	f	5	136	34
680	f	9	136	35
681	t	10	137	1
682	f	5	137	2
683	t	10	137	3
684	f	5	137	4
685	f	9	137	5
686	f	0	138	1
687	f	0	138	2
688	t	10	138	3
689	f	5	138	4
690	f	9	138	5
691	t	10	139	6
692	f	5	139	7
693	t	10	139	8
694	f	5	139	9
695	f	9	139	10
696	f	0	140	11
697	f	5	140	12
698	t	10	140	13
699	f	5	140	14
700	f	9	140	15
701	t	10	141	11
702	f	5	141	12
703	t	10	141	13
704	f	5	141	14
705	f	7	141	15
706	t	10	142	16
707	f	0	142	17
708	t	10	142	18
709	f	5	142	19
710	t	10	142	20
711	t	10	143	16
712	f	5	143	17
713	f	0	143	18
714	t	10	143	19
715	f	7	143	20
716	t	10	144	16
717	f	5	144	17
718	t	10	144	18
719	f	5	144	19
720	t	10	144	20
721	t	10	145	21
722	f	5	145	22
723	t	10	145	23
724	f	5	145	24
725	t	10	145	25
726	t	10	146	26
727	f	5	146	27
728	f	0	146	28
729	f	5	146	29
730	f	8	146	30
731	f	0	147	26
732	f	5	147	27
733	t	10	147	28
734	f	5	147	29
735	f	9	147	30
736	f	0	148	31
737	f	5	148	32
738	f	0	148	33
739	f	5	148	34
740	f	9	148	35
741	t	10	149	31
742	f	5	149	32
743	f	0	149	33
744	f	5	149	34
745	f	7	149	35
746	t	10	150	1
747	f	5	150	2
748	t	10	150	3
749	f	5	150	4
750	f	9	150	5
751	t	10	151	1
752	f	5	151	2
753	t	10	151	3
754	f	5	151	4
755	f	9	151	5
756	t	10	152	1
757	t	10	152	2
758	t	10	152	3
759	f	5	152	4
760	f	7	152	5
761	t	10	153	6
762	f	5	153	7
763	f	0	153	8
764	f	5	153	9
765	f	7	153	10
766	f	0	154	6
767	f	5	154	7
768	t	10	154	8
769	f	5	154	9
770	f	9	154	10
771	t	10	155	6
772	t	10	155	7
773	t	10	155	8
774	f	0	155	9
775	f	7	155	10
776	t	10	156	11
777	t	10	156	12
778	t	10	156	13
779	f	5	156	14
780	f	8	156	15
781	t	10	157	16
782	f	5	157	17
783	t	10	157	18
784	f	5	157	19
785	f	7	157	20
786	t	10	158	16
787	f	0	158	17
788	t	10	158	18
789	f	5	158	19
790	f	9	158	20
791	f	0	159	21
792	f	0	159	22
793	t	10	159	23
794	f	5	159	24
795	t	10	159	25
796	t	10	160	26
797	f	5	160	27
798	t	10	160	28
799	f	0	160	29
800	t	10	160	30
801	t	10	161	26
802	t	10	161	27
803	t	10	161	28
804	t	10	161	29
805	f	8	161	30
806	t	10	162	31
807	f	0	162	32
808	f	0	162	33
809	f	0	162	34
810	f	8	162	35
811	t	10	163	11
812	f	5	163	12
813	t	10	163	13
814	f	5	163	14
815	f	7	163	15
816	t	10	164	11
817	f	0	164	12
818	t	10	164	13
819	f	0	164	14
820	f	8	164	15
821	t	10	165	11
822	f	5	165	12
823	f	0	165	13
824	f	0	165	14
825	f	8	165	15
826	t	10	166	16
827	t	10	166	17
828	t	10	166	18
829	f	5	166	19
830	f	9	166	20
831	t	10	167	16
832	f	5	167	17
833	f	0	167	18
834	f	0	167	19
835	f	9	167	20
836	t	10	168	21
837	t	10	168	22
838	t	10	168	23
839	f	5	168	24
840	t	10	168	25
841	t	10	169	21
842	f	0	169	22
843	f	0	169	23
844	f	5	169	24
845	f	7	169	25
846	t	10	170	21
847	f	5	170	22
848	t	10	170	23
849	f	5	170	24
850	t	10	170	25
851	t	10	171	26
852	f	5	171	27
853	t	10	171	28
854	t	10	171	29
855	t	10	171	30
856	t	10	172	31
857	f	5	172	32
858	t	10	172	33
859	f	5	172	34
860	f	8	172	35
861	t	10	173	31
862	f	5	173	32
863	f	0	173	33
864	f	5	173	34
865	f	8	173	35
866	f	0	174	1
867	f	0	174	2
868	t	10	174	3
869	f	5	174	4
870	f	7	174	5
871	f	0	175	1
872	f	0	175	2
873	t	10	175	3
874	f	5	175	4
875	t	10	175	5
876	f	0	176	1
877	f	5	176	2
878	t	10	176	3
879	f	0	176	4
880	f	7	176	5
881	t	10	177	6
882	f	5	177	7
883	t	10	177	8
884	f	5	177	9
885	f	7	177	10
886	t	10	178	6
887	f	5	178	7
888	t	10	178	8
889	f	5	178	9
890	f	8	178	10
891	f	0	179	11
892	f	0	179	12
893	t	10	179	13
894	f	5	179	14
895	t	10	179	15
896	t	10	180	16
897	f	5	180	17
898	f	0	180	18
899	f	5	180	19
900	t	10	180	20
901	t	10	181	16
902	f	5	181	17
903	t	10	181	18
904	f	5	181	19
905	t	10	181	20
906	t	10	182	16
907	f	5	182	17
908	f	0	182	18
909	f	5	182	19
910	f	9	182	20
911	t	10	183	21
912	f	5	183	22
913	t	10	183	23
914	f	5	183	24
915	t	10	183	25
916	f	0	184	21
917	f	0	184	22
918	f	0	184	23
919	f	5	184	24
920	f	9	184	25
921	t	10	185	26
922	f	5	185	27
923	t	10	185	28
924	f	0	185	29
925	t	10	185	30
926	t	10	186	26
927	f	5	186	27
928	t	10	186	28
929	f	5	186	29
930	f	7	186	30
931	t	10	187	31
932	f	5	187	32
933	t	10	187	33
934	f	5	187	34
935	f	8	187	35
936	t	10	188	16
937	f	5	188	17
938	t	10	188	18
939	f	0	188	19
940	f	8	188	20
941	f	0	189	16
942	f	0	189	17
943	f	0	189	18
944	f	5	189	19
945	f	9	189	20
946	t	10	190	1
947	f	0	190	2
948	t	10	190	3
949	f	5	190	4
950	t	10	190	5
951	f	0	191	1
952	f	5	191	2
953	t	10	191	3
954	t	10	191	4
955	f	8	191	5
956	t	10	192	1
957	f	5	192	2
958	t	10	192	3
959	f	5	192	4
960	f	9	192	5
961	t	10	193	6
962	f	5	193	7
963	f	0	193	8
964	f	5	193	9
965	f	9	193	10
966	t	10	194	6
967	f	5	194	7
968	t	10	194	8
969	f	0	194	9
970	f	8	194	10
971	t	10	195	11
972	f	0	195	12
973	f	0	195	13
974	f	0	195	14
975	f	8	195	15
976	t	10	196	16
977	f	0	196	17
978	t	10	196	18
979	f	5	196	19
980	f	9	196	20
981	t	10	197	16
982	f	5	197	17
983	t	10	197	18
984	f	5	197	19
985	f	8	197	20
986	f	0	198	16
987	f	5	198	17
988	t	10	198	18
989	f	5	198	19
990	t	10	198	20
991	t	10	199	21
992	f	5	199	22
993	t	10	199	23
994	f	5	199	24
995	f	8	199	25
996	f	0	200	26
997	f	5	200	27
998	t	10	200	28
999	t	10	200	29
1000	f	9	200	30
1001	t	10	201	31
1002	f	5	201	32
1003	t	10	201	33
1004	f	5	201	34
1005	t	10	201	35
1006	t	10	202	31
1007	f	0	202	32
1008	t	10	202	33
1009	f	5	202	34
1010	f	7	202	35
1011	t	10	203	31
1012	f	5	203	32
1013	f	0	203	33
1014	f	5	203	34
1015	f	8	203	35
1016	f	0	204	1
1017	f	0	204	2
1018	t	10	204	3
1019	f	5	204	4
1020	f	7	204	5
1021	t	10	205	1
1022	f	5	205	2
1023	t	10	205	3
1024	f	5	205	4
1025	f	9	205	5
1026	t	10	206	1
1027	f	5	206	2
1028	f	0	206	3
1029	f	0	206	4
1030	t	10	206	5
1031	t	10	207	6
1032	f	5	207	7
1033	t	10	207	8
1034	f	5	207	9
1035	f	8	207	10
1036	t	10	208	6
1037	f	5	208	7
1038	t	10	208	8
1039	f	5	208	9
1040	t	10	208	10
1041	f	0	209	6
1042	f	5	209	7
1043	t	10	209	8
1044	f	0	209	9
1045	f	8	209	10
1046	f	0	210	11
1047	f	5	210	12
1048	t	10	210	13
1049	f	5	210	14
1050	t	10	210	15
1051	t	10	211	16
1052	f	5	211	17
1053	f	0	211	18
1054	f	5	211	19
1055	f	9	211	20
1056	f	0	212	21
1057	f	5	212	22
1058	t	10	212	23
1059	f	0	212	24
1060	t	10	212	25
1061	t	10	213	26
1062	f	5	213	27
1063	t	10	213	28
1064	f	5	213	29
1065	f	7	213	30
1066	t	10	214	26
1067	f	5	214	27
1068	t	10	214	28
1069	f	5	214	29
1070	t	10	214	30
1071	t	10	215	31
1072	f	0	215	32
1073	t	10	215	33
1074	f	5	215	34
1075	f	8	215	35
1076	t	10	216	31
1077	f	5	216	32
1078	t	10	216	33
1079	f	0	216	34
1080	f	8	216	35
1081	t	10	217	31
1082	f	5	217	32
1083	t	10	217	33
1084	f	5	217	34
1085	f	8	217	35
1086	t	10	218	1
1087	f	5	218	2
1088	t	10	218	3
1089	f	5	218	4
1090	t	10	218	5
1091	f	0	219	1
1092	f	5	219	2
1093	t	10	219	3
1094	f	5	219	4
1095	f	9	219	5
1096	t	10	220	6
1097	f	5	220	7
1098	t	10	220	8
1099	f	5	220	9
1100	t	10	220	10
1101	t	10	221	6
1102	f	5	221	7
1103	t	10	221	8
1104	f	5	221	9
1105	t	10	221	10
1106	f	0	222	11
1107	f	5	222	12
1108	t	10	222	13
1109	f	5	222	14
1110	t	10	222	15
1111	t	10	223	11
1112	f	5	223	12
1113	t	10	223	13
1114	f	5	223	14
1115	f	7	223	15
1116	t	10	224	16
1117	f	0	224	17
1118	t	10	224	18
1119	f	5	224	19
1120	t	10	224	20
1121	t	10	225	21
1122	f	5	225	22
1123	t	10	225	23
1124	f	0	225	24
1125	t	10	225	25
1126	t	10	226	26
1127	f	5	226	27
1128	t	10	226	28
1129	f	5	226	29
1130	f	9	226	30
1131	t	10	227	31
1132	f	5	227	32
1133	t	10	227	33
1134	f	5	227	34
1135	f	9	227	35
1136	t	10	228	31
1137	f	5	228	32
1138	t	10	228	33
1139	f	0	228	34
1140	t	10	228	35
1141	t	10	229	31
1142	f	5	229	32
1143	t	10	229	33
1144	f	5	229	34
1145	f	9	229	35
\.


--
-- TOC entry 5104 (class 0 OID 50661)
-- Dependencies: 227
-- Data for Name: users; Type: TABLE DATA; Schema: public; Owner: postgres
--

COPY public.users (id, login, passwordhash, email, firstname, middlename, lastname, role, createdat) FROM stdin;
100	manager	$2a$11$pThhbbceEToQ9dK9L/7yo.hZ/hi6Kg4mlXa5Z0X8T3OF61O0wHGUW	manager@local	Иван	Иванович	Иванов	Manager	2026-03-01 16:19:42.212791+05
101	student01	$2a$11$n2Ldj7J54dgmDi47zAxfkuUmZwSwwjvlRL.wf0u70to5rEZXKHN7m	student01@edu.local	Александр	\N	Иванов	Student	2026-03-01 16:19:50.357701+05
102	student02	$2a$11$n2Ldj7J54dgmDi47zAxfkuUmZwSwwjvlRL.wf0u70to5rEZXKHN7m	student02@edu.local	Дмитрий	\N	Смирнов	Student	2026-03-01 16:19:50.389893+05
103	student03	$2a$11$n2Ldj7J54dgmDi47zAxfkuUmZwSwwjvlRL.wf0u70to5rEZXKHN7m	student03@edu.local	Максим	\N	Кузнецов	Student	2026-03-01 16:19:50.390378+05
104	student04	$2a$11$n2Ldj7J54dgmDi47zAxfkuUmZwSwwjvlRL.wf0u70to5rEZXKHN7m	student04@edu.local	Сергей	\N	Попов	Student	2026-03-01 16:19:50.390573+05
105	student05	$2a$11$n2Ldj7J54dgmDi47zAxfkuUmZwSwwjvlRL.wf0u70to5rEZXKHN7m	student05@edu.local	Андрей	\N	Соколов	Student	2026-03-01 16:19:50.390877+05
106	student06	$2a$11$n2Ldj7J54dgmDi47zAxfkuUmZwSwwjvlRL.wf0u70to5rEZXKHN7m	student06@edu.local	Артём	\N	Лебедев	Student	2026-03-01 16:19:50.391084+05
107	student07	$2a$11$n2Ldj7J54dgmDi47zAxfkuUmZwSwwjvlRL.wf0u70to5rEZXKHN7m	student07@edu.local	Илья	\N	Козлов	Student	2026-03-01 16:19:50.391313+05
108	student08	$2a$11$n2Ldj7J54dgmDi47zAxfkuUmZwSwwjvlRL.wf0u70to5rEZXKHN7m	student08@edu.local	Кирилл	\N	Новиков	Student	2026-03-01 16:19:50.391558+05
109	student09	$2a$11$n2Ldj7J54dgmDi47zAxfkuUmZwSwwjvlRL.wf0u70to5rEZXKHN7m	student09@edu.local	Михаил	\N	Морозов	Student	2026-03-01 16:19:50.391764+05
110	student10	$2a$11$n2Ldj7J54dgmDi47zAxfkuUmZwSwwjvlRL.wf0u70to5rEZXKHN7m	student10@edu.local	Никита	\N	Петров	Student	2026-03-01 16:19:50.391973+05
111	student11	$2a$11$n2Ldj7J54dgmDi47zAxfkuUmZwSwwjvlRL.wf0u70to5rEZXKHN7m	student11@edu.local	Анна	\N	Иванова	Student	2026-03-01 16:19:50.392167+05
112	student12	$2a$11$n2Ldj7J54dgmDi47zAxfkuUmZwSwwjvlRL.wf0u70to5rEZXKHN7m	student12@edu.local	Екатерина	\N	Смирнова	Student	2026-03-01 16:19:50.392315+05
113	student13	$2a$11$n2Ldj7J54dgmDi47zAxfkuUmZwSwwjvlRL.wf0u70to5rEZXKHN7m	student13@edu.local	Мария	\N	Кузнецова	Student	2026-03-01 16:19:50.392464+05
114	student14	$2a$11$n2Ldj7J54dgmDi47zAxfkuUmZwSwwjvlRL.wf0u70to5rEZXKHN7m	student14@edu.local	Ольга	\N	Попова	Student	2026-03-01 16:19:50.392664+05
115	student15	$2a$11$n2Ldj7J54dgmDi47zAxfkuUmZwSwwjvlRL.wf0u70to5rEZXKHN7m	student15@edu.local	Дарья	\N	Соколова	Student	2026-03-01 16:19:50.392804+05
116	student16	$2a$11$n2Ldj7J54dgmDi47zAxfkuUmZwSwwjvlRL.wf0u70to5rEZXKHN7m	student16@edu.local	Анастасия	\N	Лебедева	Student	2026-03-01 16:19:50.392933+05
117	student17	$2a$11$n2Ldj7J54dgmDi47zAxfkuUmZwSwwjvlRL.wf0u70to5rEZXKHN7m	student17@edu.local	Софья	\N	Козлова	Student	2026-03-01 16:19:50.393099+05
118	student18	$2a$11$n2Ldj7J54dgmDi47zAxfkuUmZwSwwjvlRL.wf0u70to5rEZXKHN7m	student18@edu.local	Полина	\N	Новикова	Student	2026-03-01 16:19:50.393233+05
119	student19	$2a$11$n2Ldj7J54dgmDi47zAxfkuUmZwSwwjvlRL.wf0u70to5rEZXKHN7m	student19@edu.local	Елизавета	\N	Морозова	Student	2026-03-01 16:19:50.393362+05
120	student20	$2a$11$n2Ldj7J54dgmDi47zAxfkuUmZwSwwjvlRL.wf0u70to5rEZXKHN7m	student20@edu.local	Виктория	\N	Петрова	Student	2026-03-01 16:19:50.393532+05
\.


--
-- TOC entry 5128 (class 0 OID 50890)
-- Dependencies: 251
-- Data for Name: userselectedoptions; Type: TABLE DATA; Schema: public; Owner: postgres
--

COPY public.userselectedoptions (id, userattemptanswerid, answerid) FROM stdin;
1	1	1
2	2	7
3	2	6
4	3	9
5	4	14
6	6	19
7	7	21
8	7	23
9	8	25
10	9	32
11	9	31
12	9	29
13	11	17
14	12	24
15	12	22
16	12	23
17	13	25
18	14	29
19	14	32
20	16	33
21	17	37
22	18	41
23	19	46
24	19	48
25	19	45
26	21	49
27	22	55
28	22	54
29	22	56
30	23	57
31	24	63
32	24	61
33	26	49
34	27	55
35	27	54
36	27	53
37	28	59
38	29	63
39	29	62
40	31	67
41	32	72
42	33	75
43	34	78
44	36	81
45	37	85
46	37	87
47	37	86
48	38	89
49	39	94
50	41	81
51	42	86
52	43	90
53	44	93
54	44	95
55	46	81
56	47	85
57	47	88
58	47	86
59	48	92
60	49	93
61	49	96
62	49	94
63	51	97
64	52	102
65	52	104
66	53	105
67	54	112
68	56	97
69	57	102
70	57	103
71	58	105
72	59	110
73	61	99
74	62	102
75	62	103
76	63	105
77	64	112
78	66	1
79	67	7
80	68	9
81	69	15
82	69	16
83	71	4
84	72	8
85	72	7
86	73	9
87	74	16
88	74	15
89	74	13
90	76	17
91	77	24
92	77	22
93	77	23
94	78	26
95	79	30
96	79	29
97	81	18
98	82	22
99	82	23
100	83	27
101	84	32
102	86	33
103	87	40
104	87	37
105	88	42
106	89	46
107	89	48
108	89	45
109	91	33
110	92	38
111	93	41
112	94	46
113	94	48
114	94	45
115	96	36
116	97	37
117	98	41
118	99	48
119	99	46
120	101	49
121	102	55
122	102	54
123	103	57
124	104	62
125	104	63
126	106	49
127	107	53
128	108	57
129	109	63
130	109	61
131	109	64
132	111	65
133	112	69
134	112	71
135	112	72
136	113	73
137	114	80
138	114	78
139	116	65
140	117	69
141	117	71
142	118	73
143	119	78
144	119	79
145	119	77
146	121	65
147	122	70
148	123	73
149	124	80
150	124	79
151	126	84
152	127	86
153	127	88
154	128	89
155	129	96
156	131	97
157	132	103
158	133	105
159	134	111
160	136	33
161	137	39
162	137	40
163	138	41
164	139	45
165	141	33
166	142	38
167	142	37
168	142	39
169	143	41
170	144	46
171	144	47
172	144	48
173	146	49
174	147	54
175	148	57
176	149	61
177	149	64
178	151	49
179	152	53
180	153	60
181	154	62
182	154	64
183	156	65
184	157	72
185	158	73
186	159	78
187	159	77
188	159	79
189	161	67
190	162	71
191	162	72
192	162	69
193	163	73
194	164	77
195	164	78
196	164	79
197	166	67
198	167	72
199	167	71
200	167	70
201	168	76
202	169	78
203	169	80
204	169	77
205	171	81
206	172	86
207	173	89
208	174	94
209	176	97
210	177	102
211	178	105
212	179	112
213	179	111
214	179	109
215	181	97
216	182	101
217	182	104
218	183	105
219	184	110
220	184	109
221	186	97
222	187	104
223	188	105
224	189	111
225	191	1
226	192	6
227	193	9
228	194	14
229	194	13
230	196	1
231	197	6
232	197	8
233	197	7
234	198	11
235	199	13
236	199	15
237	199	16
238	201	1
239	202	6
240	202	7
241	203	9
242	204	14
243	204	16
244	204	15
245	206	17
246	207	23
247	207	24
248	207	21
249	208	25
250	209	32
251	209	29
252	209	31
253	211	17
254	212	21
255	212	24
256	212	23
257	213	25
258	214	31
259	214	32
260	216	17
261	217	23
262	217	22
263	217	24
264	218	25
265	219	30
266	219	31
267	219	29
268	221	33
269	222	40
270	223	41
271	224	46
272	224	47
273	224	48
274	226	36
275	227	40
276	227	38
277	228	41
278	229	47
279	231	33
280	232	38
281	232	40
282	232	37
283	233	41
284	234	46
285	236	49
286	237	56
287	237	55
288	237	54
289	238	57
290	239	61
291	239	63
292	239	64
293	241	49
294	242	55
295	243	57
296	244	61
297	244	62
298	244	63
299	246	65
300	247	70
301	248	73
302	249	80
303	249	77
304	249	78
305	251	65
306	252	71
307	252	72
308	252	70
309	253	73
310	254	80
311	256	65
312	257	70
313	257	71
314	257	69
315	258	73
316	259	78
317	261	81
318	262	86
319	263	89
320	264	95
321	264	96
322	266	81
323	267	86
324	268	89
325	269	94
326	269	96
327	269	95
328	271	97
329	272	104
330	272	101
331	273	105
332	274	110
333	274	112
334	276	97
335	277	102
336	277	101
337	277	103
338	278	105
339	279	111
340	279	112
341	279	110
342	281	49
343	282	54
344	282	55
345	283	59
346	284	62
347	284	64
348	284	61
349	286	50
350	287	53
351	288	57
352	289	63
353	289	61
354	291	1
355	292	5
356	292	7
357	292	6
358	293	9
359	294	13
360	296	1
361	297	7
362	298	9
363	299	13
364	301	17
365	302	23
366	302	22
367	303	25
368	304	29
369	304	31
370	306	33
371	307	37
372	308	41
373	309	48
374	309	47
375	309	45
376	311	52
377	312	53
378	312	56
379	312	55
380	313	57
381	314	63
382	316	49
383	317	55
384	317	53
385	318	57
386	319	63
387	321	49
388	322	54
389	322	56
390	322	53
391	323	57
392	324	64
393	324	62
394	326	67
395	327	72
396	327	69
397	328	73
398	329	78
399	331	81
400	332	86
401	332	87
402	333	89
403	334	93
404	334	94
405	334	95
406	336	82
407	337	86
408	337	88
409	338	89
410	339	96
411	341	82
412	342	86
413	342	88
414	342	85
415	343	89
416	344	95
417	346	98
418	347	101
419	347	104
420	347	103
421	348	105
422	349	110
423	351	97
424	352	102
425	353	105
426	354	110
427	354	112
428	354	111
429	356	4
430	357	6
431	357	5
432	357	7
433	358	9
434	359	13
435	359	15
436	361	1
437	362	8
438	362	5
439	363	9
440	364	15
441	364	14
442	366	1
443	367	7
444	368	9
445	369	16
446	369	14
447	369	13
448	371	17
449	372	23
450	373	25
451	374	29
452	376	18
453	377	24
454	377	21
455	377	22
456	378	28
457	379	31
458	379	30
459	381	35
460	382	39
461	382	40
462	382	38
463	383	41
464	384	46
465	384	45
466	386	49
467	387	55
468	388	57
469	389	61
470	389	63
471	391	49
472	392	54
473	393	57
474	394	64
475	396	49
476	397	55
477	398	57
478	399	63
479	399	62
480	399	64
481	401	65
482	402	69
483	402	71
484	402	72
485	403	73
486	404	78
487	404	77
488	404	79
489	406	65
490	407	70
491	408	73
492	409	80
493	411	67
494	412	69
495	413	73
496	414	78
497	416	81
498	417	87
499	417	86
500	417	88
501	418	89
502	419	96
503	419	93
504	421	81
505	422	88
506	422	86
507	423	89
508	424	95
509	424	96
510	424	94
511	426	97
512	427	101
513	427	103
514	428	105
515	429	110
516	429	109
517	431	97
518	432	104
519	432	103
520	432	101
521	433	105
522	434	110
523	434	111
524	436	1
525	437	6
526	437	5
527	438	9
528	439	14
529	441	17
530	442	22
531	442	24
532	442	23
533	443	25
534	444	30
535	446	17
536	447	23
537	447	24
538	448	25
539	449	29
540	449	30
541	451	35
542	452	37
543	453	41
544	454	46
545	456	33
546	457	38
547	457	39
548	457	40
549	458	41
550	459	48
551	459	47
552	459	46
553	461	49
554	462	56
555	463	57
556	464	61
557	464	62
558	464	63
559	466	65
560	467	70
561	467	71
562	468	73
563	469	79
564	471	81
565	472	88
566	473	89
567	474	94
568	474	93
569	474	95
570	476	97
571	477	101
572	478	108
573	479	110
574	481	97
575	482	104
576	483	105
577	484	110
578	484	111
579	486	97
580	487	103
581	488	105
582	489	112
583	489	109
584	489	110
585	491	33
586	492	40
587	492	38
588	493	41
589	494	47
590	496	33
591	497	39
592	498	41
593	499	45
594	499	47
595	499	48
596	501	49
597	502	53
598	502	56
599	502	55
600	503	58
601	504	61
602	506	52
603	507	55
604	507	53
605	507	56
606	508	57
607	509	63
608	511	49
609	512	55
610	513	60
611	514	64
612	514	61
613	514	63
614	516	65
615	517	71
616	518	73
617	519	79
618	519	80
619	519	78
620	521	68
621	522	72
622	522	70
623	523	73
624	524	78
625	524	77
626	524	79
627	526	81
628	527	85
629	527	87
630	527	88
631	528	89
632	529	96
633	531	81
634	532	87
635	532	88
636	532	85
637	533	89
638	534	94
639	534	93
640	536	81
641	537	87
642	538	89
643	539	95
644	539	94
645	539	96
646	541	97
647	542	102
648	543	105
649	544	111
650	544	112
651	544	110
652	546	97
653	547	101
654	548	107
655	549	110
656	551	1
657	552	6
658	553	9
659	554	14
660	554	13
661	554	16
662	556	1
663	557	7
664	557	8
665	557	5
666	558	9
667	559	16
668	561	1
669	562	8
670	562	5
671	562	6
672	563	9
673	564	15
674	566	17
675	567	22
676	567	21
677	568	25
678	569	29
679	571	33
680	572	38
681	573	43
682	574	47
683	574	45
684	574	46
685	576	33
686	577	38
687	577	39
688	577	37
689	578	41
690	579	47
691	579	48
692	581	49
693	582	54
694	582	55
695	583	57
696	584	61
697	584	64
698	584	62
699	586	51
700	587	53
701	588	57
702	589	63
703	589	62
704	589	61
705	591	65
706	592	70
707	592	72
708	593	73
709	594	79
710	594	77
711	594	80
712	596	65
713	597	71
714	598	73
715	599	80
716	599	77
717	599	79
718	601	83
719	602	86
720	603	89
721	604	95
722	606	81
723	607	87
724	607	85
725	608	91
726	609	93
727	609	95
728	611	81
729	612	86
730	613	89
731	614	94
732	616	97
733	617	101
734	617	103
735	617	104
736	618	105
737	619	112
738	619	110
739	621	49
740	622	54
741	622	53
742	623	57
743	624	61
744	626	49
745	627	55
746	627	56
747	628	57
748	629	64
749	629	63
750	631	51
751	632	54
752	633	57
753	634	64
754	634	63
755	634	62
756	636	4
757	637	8
758	638	9
759	639	13
760	641	20
761	642	22
762	642	23
763	643	25
764	644	32
765	646	33
766	647	39
767	648	41
768	649	45
769	651	49
770	652	53
771	653	57
772	654	62
773	654	64
774	656	50
775	657	56
776	657	54
777	657	53
778	658	57
779	659	61
780	659	63
781	661	65
782	662	70
783	662	69
784	663	73
785	664	77
786	664	79
787	666	81
788	667	88
789	667	87
790	668	89
791	669	94
792	671	81
793	672	85
794	672	87
795	672	86
796	673	89
797	674	93
798	674	95
799	676	97
800	677	103
801	677	104
802	678	105
803	679	110
804	679	111
805	681	1
806	682	5
807	683	9
808	684	13
809	684	15
810	684	14
811	686	3
812	687	7
813	688	9
814	689	13
815	689	16
816	689	14
817	691	17
818	692	24
819	692	21
820	693	25
821	694	29
822	696	34
823	697	39
824	697	37
825	698	41
826	699	48
827	699	45
828	699	46
829	701	33
830	702	37
831	702	40
832	703	41
833	704	46
834	704	48
835	706	49
836	707	55
837	707	56
838	708	57
839	709	61
840	709	63
841	711	49
842	712	55
843	712	54
844	713	60
845	714	62
846	714	61
847	716	49
848	717	53
849	717	54
850	717	56
851	718	57
852	719	64
853	719	61
854	721	65
855	722	69
856	722	72
857	723	73
858	724	77
859	724	80
860	726	81
861	727	86
862	728	92
863	729	94
864	729	96
865	731	84
866	732	86
867	732	85
868	732	88
869	733	89
870	734	96
871	734	93
872	734	95
873	736	100
874	737	104
875	737	103
876	737	101
877	738	107
878	739	112
879	739	109
880	741	97
881	742	101
882	743	106
883	744	112
884	744	109
885	744	111
886	746	1
887	747	5
888	747	8
889	748	9
890	749	15
891	749	13
892	751	1
893	752	7
894	752	6
895	752	5
896	753	9
897	754	13
898	754	14
899	754	16
900	756	1
901	757	5
902	757	6
903	758	9
904	759	15
905	759	13
906	761	17
907	762	21
908	763	26
909	764	30
910	766	20
911	767	22
912	767	24
913	767	21
914	768	25
915	769	29
916	769	31
917	769	30
918	771	17
919	772	22
920	772	21
921	773	25
922	774	31
923	776	33
924	777	37
925	777	38
926	778	41
927	779	45
928	779	46
929	779	47
930	781	49
931	782	54
932	782	56
933	783	57
934	784	63
935	784	62
936	786	49
937	787	55
938	788	57
939	789	63
940	789	61
941	791	68
942	792	72
943	793	73
944	794	78
945	796	81
946	797	85
947	798	89
948	799	96
949	801	81
950	802	85
951	802	86
952	803	89
953	804	94
954	804	93
955	806	97
956	807	103
957	808	108
958	809	112
959	811	33
960	812	38
961	812	39
962	812	40
963	813	41
964	814	45
965	814	48
966	814	46
967	816	33
968	817	40
969	818	41
970	819	48
971	821	33
972	822	37
973	823	42
974	824	47
975	826	49
976	827	53
977	827	54
978	828	57
979	829	63
980	829	62
981	829	61
982	831	49
983	832	54
984	832	53
985	832	55
986	833	60
987	834	64
988	836	65
989	837	69
990	837	70
991	838	73
992	839	78
993	839	79
994	841	65
995	842	72
996	843	74
997	844	80
998	844	79
999	844	77
1000	846	65
1001	847	70
1002	848	73
1003	849	79
1004	849	78
1005	849	80
1006	851	81
1007	852	87
1008	852	88
1009	852	85
1010	853	89
1011	854	93
1012	854	94
1013	856	97
1014	857	102
1015	858	105
1016	859	109
1017	861	97
1018	862	104
1019	862	102
1020	863	108
1021	864	110
1022	864	112
1023	864	109
1024	866	3
1025	867	7
1026	867	8
1027	868	9
1028	869	15
1029	869	13
1030	869	14
1031	871	3
1032	872	8
1033	873	9
1034	874	13
1035	874	16
1036	876	3
1037	877	6
1038	877	8
1039	878	9
1040	879	16
1041	881	17
1042	882	21
1043	883	25
1044	884	30
1045	886	17
1046	887	21
1047	888	25
1048	889	29
1049	889	32
1050	891	35
1051	892	39
1052	893	41
1053	894	46
1054	896	49
1055	897	54
1056	897	56
1057	897	55
1058	898	60
1059	899	62
1060	899	63
1061	901	49
1062	902	54
1063	903	57
1064	904	62
1065	906	49
1066	907	53
1067	908	58
1068	909	63
1069	909	64
1070	909	61
1071	911	65
1072	912	69
1073	912	72
1074	912	70
1075	913	73
1076	914	78
1077	914	77
1078	914	80
1079	916	68
1080	917	71
1081	917	72
1082	918	74
1083	919	78
1084	921	81
1085	922	85
1086	923	89
1087	924	95
1088	926	81
1089	927	86
1090	927	88
1091	928	89
1092	929	94
1093	929	96
1094	931	97
1095	932	102
1096	933	105
1097	934	112
1098	934	110
1099	936	49
1100	937	54
1101	938	57
1102	939	64
1103	941	51
1104	942	55
1105	943	60
1106	944	63
1107	944	61
1108	944	64
1109	946	1
1110	947	8
1111	948	9
1112	949	13
1113	951	2
1114	952	8
1115	952	7
1116	952	5
1117	953	9
1118	954	13
1119	954	14
1120	956	1
1121	957	7
1122	957	6
1123	957	5
1124	958	9
1125	959	15
1126	959	16
1127	959	14
1128	961	17
1129	962	21
1130	962	23
1131	963	28
1132	964	31
1133	964	29
1134	964	32
1135	966	17
1136	967	24
1137	967	22
1138	968	25
1139	969	32
1140	971	33
1141	972	39
1142	973	44
1143	974	47
1144	976	49
1145	977	56
1146	978	57
1147	979	64
1148	979	61
1149	981	49
1150	982	55
1151	982	54
1152	982	53
1153	983	57
1154	984	61
1155	986	51
1156	987	53
1157	988	57
1158	989	64
1159	989	61
1160	989	62
1161	991	65
1162	992	70
1163	992	71
1164	993	73
1165	994	78
1166	994	79
1167	996	82
1168	997	87
1169	997	85
1170	998	89
1171	999	93
1172	999	94
1173	1001	97
1174	1002	104
1175	1002	102
1176	1003	105
1177	1004	110
1178	1004	112
1179	1004	109
1180	1006	97
1181	1007	103
1182	1008	105
1183	1009	111
1184	1009	109
1185	1011	97
1186	1012	103
1187	1012	102
1188	1013	106
1189	1014	109
1190	1014	112
1191	1014	110
1192	1016	3
1193	1017	7
1194	1017	8
1195	1018	9
1196	1019	13
1197	1019	15
1198	1019	14
1199	1021	1
1200	1022	5
1201	1022	6
1202	1022	7
1203	1023	9
1204	1024	13
1205	1026	1
1206	1027	6
1207	1027	7
1208	1027	8
1209	1028	11
1210	1029	15
1211	1031	17
1212	1032	24
1213	1032	21
1214	1033	25
1215	1034	31
1216	1034	30
1217	1034	29
1218	1036	17
1219	1037	21
1220	1037	23
1221	1038	25
1222	1039	30
1223	1039	29
1224	1039	32
1225	1041	19
1226	1042	24
1227	1042	21
1228	1043	25
1229	1044	31
1230	1044	32
1231	1046	34
1232	1047	37
1233	1048	41
1234	1049	46
1235	1049	47
1236	1049	45
1237	1051	49
1238	1052	54
1239	1053	59
1240	1054	61
1241	1056	67
1242	1057	69
1243	1058	73
1244	1059	80
1245	1059	79
1246	1061	81
1247	1062	85
1248	1063	89
1249	1064	94
1250	1064	95
1251	1066	81
1252	1067	87
1253	1067	86
1254	1068	89
1255	1069	93
1256	1069	95
1257	1071	97
1258	1072	103
1259	1073	105
1260	1074	110
1261	1076	97
1262	1077	101
1263	1077	104
1264	1078	105
1265	1079	111
1266	1081	97
1267	1082	104
1268	1082	101
1269	1082	103
1270	1083	105
1271	1084	111
1272	1084	109
1273	1086	1
1274	1087	8
1275	1087	5
1276	1088	9
1277	1089	14
1278	1091	2
1279	1092	6
1280	1092	7
1281	1093	9
1282	1094	16
1283	1094	13
1284	1094	14
1285	1096	17
1286	1097	21
1287	1098	25
1288	1099	30
1289	1099	31
1290	1101	17
1291	1102	23
1292	1102	21
1293	1103	25
1294	1104	29
1295	1106	34
1296	1107	37
1297	1108	41
1298	1109	46
1299	1109	47
1300	1109	45
1301	1111	33
1302	1112	37
1303	1113	41
1304	1114	45
1305	1114	48
1306	1116	49
1307	1117	55
1308	1117	56
1309	1118	57
1310	1119	62
1311	1119	63
1312	1121	65
1313	1122	71
1314	1122	70
1315	1122	69
1316	1123	73
1317	1124	80
1318	1124	79
1319	1126	81
1320	1127	86
1321	1128	89
1322	1129	96
1323	1129	94
1324	1131	97
1325	1132	102
1326	1133	105
1327	1134	109
1328	1136	97
1329	1137	101
1330	1137	102
1331	1137	103
1332	1138	105
1333	1139	111
1334	1141	97
1335	1142	101
1336	1142	104
1337	1142	103
1338	1143	105
1339	1144	110
\.


--
-- TOC entry 5130 (class 0 OID 50906)
-- Dependencies: 253
-- Data for Name: usertextanswers; Type: TABLE DATA; Schema: public; Owner: postgres
--

COPY public.usertextanswers (id, textanswer, userattemptanswerid) FROM stdin;
1	Паттерн Repository улучшит архитектуру.	5
2	Паттерн Repository улучшит архитектуру.	10
3	Подойдёт асинхронный метод с async/await.	15
4	Подойдёт асинхронный метод с async/await.	20
5	Подойдёт асинхронный метод с async/await.	25
6	Бизнес-логику лучше вынести в сервис.	30
7	Рекомендуется использовать инкапсуляцию для защиты данных.	35
8	Подойдёт асинхронный метод с async/await.	40
9	Подойдёт асинхронный метод с async/await.	45
10	Бизнес-логику лучше вынести в сервис.	50
11	Нужна валидация входных параметров.	55
12	Бизнес-логику лучше вынести в сервис.	60
13	Паттерн Repository улучшит архитектуру.	65
14	Нужна валидация входных параметров.	70
15	Подойдёт асинхронный метод с async/await.	75
16	Паттерн Repository улучшит архитектуру.	80
17	Нужна валидация входных параметров.	85
18	Бизнес-логику лучше вынести в сервис.	90
19	Нужна валидация входных параметров.	95
20	Бизнес-логику лучше вынести в сервис.	100
21	Подойдёт асинхронный метод с async/await.	105
22	Подойдёт асинхронный метод с async/await.	110
23	Рекомендуется использовать инкапсуляцию для защиты данных.	115
24	Бизнес-логику лучше вынести в сервис.	120
25	Паттерн Repository улучшит архитектуру.	125
26	Бизнес-логику лучше вынести в сервис.	130
27	Подойдёт асинхронный метод с async/await.	135
28	Нужна валидация входных параметров.	140
29	Паттерн Repository улучшит архитектуру.	145
30	Рекомендуется использовать инкапсуляцию для защиты данных.	150
31	Рекомендуется использовать инкапсуляцию для защиты данных.	155
32	Подойдёт асинхронный метод с async/await.	160
33	Рекомендуется использовать инкапсуляцию для защиты данных.	165
34	Нужна валидация входных параметров.	170
35	Паттерн Repository улучшит архитектуру.	175
36	Подойдёт асинхронный метод с async/await.	180
37	Рекомендуется использовать инкапсуляцию для защиты данных.	185
38	Паттерн Repository улучшит архитектуру.	190
39	Рекомендуется использовать инкапсуляцию для защиты данных.	195
40	Рекомендуется использовать инкапсуляцию для защиты данных.	200
41	Рекомендуется использовать инкапсуляцию для защиты данных.	205
42	Рекомендуется использовать инкапсуляцию для защиты данных.	210
43	Рекомендуется использовать инкапсуляцию для защиты данных.	215
44	Бизнес-логику лучше вынести в сервис.	220
45	Бизнес-логику лучше вынести в сервис.	225
46	Рекомендуется использовать инкапсуляцию для защиты данных.	230
47	Рекомендуется использовать инкапсуляцию для защиты данных.	235
48	Нужна валидация входных параметров.	240
49	Нужна валидация входных параметров.	245
50	Нужна валидация входных параметров.	250
51	Паттерн Repository улучшит архитектуру.	255
52	Бизнес-логику лучше вынести в сервис.	260
53	Рекомендуется использовать инкапсуляцию для защиты данных.	265
54	Бизнес-логику лучше вынести в сервис.	270
55	Рекомендуется использовать инкапсуляцию для защиты данных.	275
56	Нужна валидация входных параметров.	280
57	Рекомендуется использовать инкапсуляцию для защиты данных.	285
58	Подойдёт асинхронный метод с async/await.	290
59	Рекомендуется использовать инкапсуляцию для защиты данных.	295
60	Паттерн Repository улучшит архитектуру.	300
61	Бизнес-логику лучше вынести в сервис.	305
62	Подойдёт асинхронный метод с async/await.	310
63	Рекомендуется использовать инкапсуляцию для защиты данных.	315
64	Бизнес-логику лучше вынести в сервис.	320
65	Паттерн Repository улучшит архитектуру.	325
66	Рекомендуется использовать инкапсуляцию для защиты данных.	330
67	Бизнес-логику лучше вынести в сервис.	335
68	Подойдёт асинхронный метод с async/await.	340
69	Рекомендуется использовать инкапсуляцию для защиты данных.	345
70	Нужна валидация входных параметров.	350
71	Бизнес-логику лучше вынести в сервис.	355
72	Нужна валидация входных параметров.	360
73	Подойдёт асинхронный метод с async/await.	365
74	Нужна валидация входных параметров.	370
75	Паттерн Repository улучшит архитектуру.	375
76	Рекомендуется использовать инкапсуляцию для защиты данных.	380
77	Нужна валидация входных параметров.	385
78	Нужна валидация входных параметров.	390
79	Подойдёт асинхронный метод с async/await.	395
80	Паттерн Repository улучшит архитектуру.	400
81	Нужна валидация входных параметров.	405
82	Рекомендуется использовать инкапсуляцию для защиты данных.	410
83	Паттерн Repository улучшит архитектуру.	415
84	Нужна валидация входных параметров.	420
85	Паттерн Repository улучшит архитектуру.	425
86	Паттерн Repository улучшит архитектуру.	430
87	Рекомендуется использовать инкапсуляцию для защиты данных.	435
88	Рекомендуется использовать инкапсуляцию для защиты данных.	440
89	Паттерн Repository улучшит архитектуру.	445
90	Бизнес-логику лучше вынести в сервис.	450
91	Нужна валидация входных параметров.	455
92	Рекомендуется использовать инкапсуляцию для защиты данных.	460
93	Бизнес-логику лучше вынести в сервис.	465
94	Рекомендуется использовать инкапсуляцию для защиты данных.	470
95	Бизнес-логику лучше вынести в сервис.	475
96	Рекомендуется использовать инкапсуляцию для защиты данных.	480
97	Бизнес-логику лучше вынести в сервис.	485
98	Бизнес-логику лучше вынести в сервис.	490
99	Рекомендуется использовать инкапсуляцию для защиты данных.	495
100	Рекомендуется использовать инкапсуляцию для защиты данных.	500
101	Рекомендуется использовать инкапсуляцию для защиты данных.	505
102	Паттерн Repository улучшит архитектуру.	510
103	Бизнес-логику лучше вынести в сервис.	515
104	Подойдёт асинхронный метод с async/await.	520
105	Бизнес-логику лучше вынести в сервис.	525
106	Нужна валидация входных параметров.	530
107	Рекомендуется использовать инкапсуляцию для защиты данных.	535
108	Бизнес-логику лучше вынести в сервис.	540
109	Бизнес-логику лучше вынести в сервис.	545
110	Подойдёт асинхронный метод с async/await.	550
111	Бизнес-логику лучше вынести в сервис.	555
112	Нужна валидация входных параметров.	560
113	Нужна валидация входных параметров.	565
114	Подойдёт асинхронный метод с async/await.	570
115	Рекомендуется использовать инкапсуляцию для защиты данных.	575
116	Подойдёт асинхронный метод с async/await.	580
117	Бизнес-логику лучше вынести в сервис.	585
118	Бизнес-логику лучше вынести в сервис.	590
119	Паттерн Repository улучшит архитектуру.	595
120	Паттерн Repository улучшит архитектуру.	600
121	Бизнес-логику лучше вынести в сервис.	605
122	Подойдёт асинхронный метод с async/await.	610
123	Подойдёт асинхронный метод с async/await.	615
124	Паттерн Repository улучшит архитектуру.	620
125	Нужна валидация входных параметров.	625
126	Рекомендуется использовать инкапсуляцию для защиты данных.	630
127	Бизнес-логику лучше вынести в сервис.	635
128	Паттерн Repository улучшит архитектуру.	640
129	Нужна валидация входных параметров.	645
130	Бизнес-логику лучше вынести в сервис.	650
131	Паттерн Repository улучшит архитектуру.	655
132	Нужна валидация входных параметров.	660
133	Паттерн Repository улучшит архитектуру.	665
134	Подойдёт асинхронный метод с async/await.	670
135	Бизнес-логику лучше вынести в сервис.	675
136	Паттерн Repository улучшит архитектуру.	680
137	Подойдёт асинхронный метод с async/await.	685
138	Нужна валидация входных параметров.	690
139	Подойдёт асинхронный метод с async/await.	695
140	Рекомендуется использовать инкапсуляцию для защиты данных.	700
141	Паттерн Repository улучшит архитектуру.	705
142	Бизнес-логику лучше вынести в сервис.	710
143	Нужна валидация входных параметров.	715
144	Нужна валидация входных параметров.	720
145	Рекомендуется использовать инкапсуляцию для защиты данных.	725
146	Рекомендуется использовать инкапсуляцию для защиты данных.	730
147	Паттерн Repository улучшит архитектуру.	735
148	Подойдёт асинхронный метод с async/await.	740
149	Рекомендуется использовать инкапсуляцию для защиты данных.	745
150	Бизнес-логику лучше вынести в сервис.	750
151	Паттерн Repository улучшит архитектуру.	755
152	Бизнес-логику лучше вынести в сервис.	760
153	Нужна валидация входных параметров.	765
154	Подойдёт асинхронный метод с async/await.	770
155	Рекомендуется использовать инкапсуляцию для защиты данных.	775
156	Нужна валидация входных параметров.	780
157	Подойдёт асинхронный метод с async/await.	785
158	Бизнес-логику лучше вынести в сервис.	790
159	Бизнес-логику лучше вынести в сервис.	795
160	Бизнес-логику лучше вынести в сервис.	800
161	Паттерн Repository улучшит архитектуру.	805
162	Бизнес-логику лучше вынести в сервис.	810
163	Паттерн Repository улучшит архитектуру.	815
164	Подойдёт асинхронный метод с async/await.	820
165	Подойдёт асинхронный метод с async/await.	825
166	Бизнес-логику лучше вынести в сервис.	830
167	Рекомендуется использовать инкапсуляцию для защиты данных.	835
168	Нужна валидация входных параметров.	840
169	Подойдёт асинхронный метод с async/await.	845
170	Рекомендуется использовать инкапсуляцию для защиты данных.	850
171	Рекомендуется использовать инкапсуляцию для защиты данных.	855
172	Нужна валидация входных параметров.	860
173	Нужна валидация входных параметров.	865
174	Рекомендуется использовать инкапсуляцию для защиты данных.	870
175	Подойдёт асинхронный метод с async/await.	875
176	Паттерн Repository улучшит архитектуру.	880
177	Подойдёт асинхронный метод с async/await.	885
178	Рекомендуется использовать инкапсуляцию для защиты данных.	890
179	Нужна валидация входных параметров.	895
180	Подойдёт асинхронный метод с async/await.	900
181	Рекомендуется использовать инкапсуляцию для защиты данных.	905
182	Нужна валидация входных параметров.	910
183	Подойдёт асинхронный метод с async/await.	915
184	Паттерн Repository улучшит архитектуру.	920
185	Подойдёт асинхронный метод с async/await.	925
186	Подойдёт асинхронный метод с async/await.	930
187	Паттерн Repository улучшит архитектуру.	935
188	Рекомендуется использовать инкапсуляцию для защиты данных.	940
189	Паттерн Repository улучшит архитектуру.	945
190	Подойдёт асинхронный метод с async/await.	950
191	Бизнес-логику лучше вынести в сервис.	955
192	Паттерн Repository улучшит архитектуру.	960
193	Нужна валидация входных параметров.	965
194	Нужна валидация входных параметров.	970
195	Бизнес-логику лучше вынести в сервис.	975
196	Подойдёт асинхронный метод с async/await.	980
197	Паттерн Repository улучшит архитектуру.	985
198	Рекомендуется использовать инкапсуляцию для защиты данных.	990
199	Бизнес-логику лучше вынести в сервис.	995
200	Подойдёт асинхронный метод с async/await.	1000
201	Бизнес-логику лучше вынести в сервис.	1005
202	Рекомендуется использовать инкапсуляцию для защиты данных.	1010
203	Подойдёт асинхронный метод с async/await.	1015
204	Нужна валидация входных параметров.	1020
205	Нужна валидация входных параметров.	1025
206	Бизнес-логику лучше вынести в сервис.	1030
207	Паттерн Repository улучшит архитектуру.	1035
208	Подойдёт асинхронный метод с async/await.	1040
209	Подойдёт асинхронный метод с async/await.	1045
210	Бизнес-логику лучше вынести в сервис.	1050
211	Подойдёт асинхронный метод с async/await.	1055
212	Рекомендуется использовать инкапсуляцию для защиты данных.	1060
213	Нужна валидация входных параметров.	1065
214	Нужна валидация входных параметров.	1070
215	Нужна валидация входных параметров.	1075
216	Подойдёт асинхронный метод с async/await.	1080
217	Нужна валидация входных параметров.	1085
218	Рекомендуется использовать инкапсуляцию для защиты данных.	1090
219	Подойдёт асинхронный метод с async/await.	1095
220	Нужна валидация входных параметров.	1100
221	Паттерн Repository улучшит архитектуру.	1105
222	Рекомендуется использовать инкапсуляцию для защиты данных.	1110
223	Нужна валидация входных параметров.	1115
224	Нужна валидация входных параметров.	1120
225	Подойдёт асинхронный метод с async/await.	1125
226	Бизнес-логику лучше вынести в сервис.	1130
227	Рекомендуется использовать инкапсуляцию для защиты данных.	1135
228	Паттерн Repository улучшит архитектуру.	1140
229	Подойдёт асинхронный метод с async/await.	1145
\.


--
-- TOC entry 5138 (class 0 OID 0)
-- Dependencies: 240
-- Name: answers_id_seq; Type: SEQUENCE SET; Schema: public; Owner: postgres
--

SELECT pg_catalog.setval('public.answers_id_seq', 112, true);


--
-- TOC entry 5139 (class 0 OID 0)
-- Dependencies: 242
-- Name: attempts_id_seq; Type: SEQUENCE SET; Schema: public; Owner: postgres
--

SELECT pg_catalog.setval('public.attempts_id_seq', 229, true);


--
-- TOC entry 5140 (class 0 OID 0)
-- Dependencies: 218
-- Name: courses_id_seq; Type: SEQUENCE SET; Schema: public; Owner: postgres
--

SELECT pg_catalog.setval('public.courses_id_seq', 4, false);


--
-- TOC entry 5141 (class 0 OID 0)
-- Dependencies: 220
-- Name: directions_id_seq; Type: SEQUENCE SET; Schema: public; Owner: postgres
--

SELECT pg_catalog.setval('public.directions_id_seq', 4, false);


--
-- TOC entry 5142 (class 0 OID 0)
-- Dependencies: 228
-- Name: groups_id_seq; Type: SEQUENCE SET; Schema: public; Owner: postgres
--

SELECT pg_catalog.setval('public.groups_id_seq', 7, false);


--
-- TOC entry 5143 (class 0 OID 0)
-- Dependencies: 222
-- Name: projects_id_seq; Type: SEQUENCE SET; Schema: public; Owner: postgres
--

SELECT pg_catalog.setval('public.projects_id_seq', 3, false);


--
-- TOC entry 5144 (class 0 OID 0)
-- Dependencies: 230
-- Name: questions_id_seq; Type: SEQUENCE SET; Schema: public; Owner: postgres
--

SELECT pg_catalog.setval('public.questions_id_seq', 35, true);


--
-- TOC entry 5145 (class 0 OID 0)
-- Dependencies: 235
-- Name: refreshtokens_id_seq; Type: SEQUENCE SET; Schema: public; Owner: postgres
--

SELECT pg_catalog.setval('public.refreshtokens_id_seq', 1, false);


--
-- TOC entry 5146 (class 0 OID 0)
-- Dependencies: 237
-- Name: students_id_seq; Type: SEQUENCE SET; Schema: public; Owner: postgres
--

SELECT pg_catalog.setval('public.students_id_seq', 20, true);


--
-- TOC entry 5147 (class 0 OID 0)
-- Dependencies: 246
-- Name: testresults_id_seq; Type: SEQUENCE SET; Schema: public; Owner: postgres
--

SELECT pg_catalog.setval('public.testresults_id_seq', 155, true);


--
-- TOC entry 5148 (class 0 OID 0)
-- Dependencies: 224
-- Name: tests_id_seq; Type: SEQUENCE SET; Schema: public; Owner: postgres
--

SELECT pg_catalog.setval('public.tests_id_seq', 7, true);


--
-- TOC entry 5149 (class 0 OID 0)
-- Dependencies: 248
-- Name: userattemptanswers_id_seq; Type: SEQUENCE SET; Schema: public; Owner: postgres
--

SELECT pg_catalog.setval('public.userattemptanswers_id_seq', 1145, true);


--
-- TOC entry 5150 (class 0 OID 0)
-- Dependencies: 226
-- Name: users_id_seq; Type: SEQUENCE SET; Schema: public; Owner: postgres
--

SELECT pg_catalog.setval('public.users_id_seq', 120, true);


--
-- TOC entry 5151 (class 0 OID 0)
-- Dependencies: 250
-- Name: userselectedoptions_id_seq; Type: SEQUENCE SET; Schema: public; Owner: postgres
--

SELECT pg_catalog.setval('public.userselectedoptions_id_seq', 1339, true);


--
-- TOC entry 5152 (class 0 OID 0)
-- Dependencies: 252
-- Name: usertextanswers_id_seq; Type: SEQUENCE SET; Schema: public; Owner: postgres
--

SELECT pg_catalog.setval('public.usertextanswers_id_seq', 229, true);


--
-- TOC entry 4847 (class 2606 OID 50624)
-- Name: __EFMigrationsHistory pk___efmigrationshistory; Type: CONSTRAINT; Schema: public; Owner: postgres
--

ALTER TABLE ONLY public."__EFMigrationsHistory"
    ADD CONSTRAINT pk___efmigrationshistory PRIMARY KEY (migrationid);


--
-- TOC entry 4893 (class 2606 OID 50799)
-- Name: answers pk_answers; Type: CONSTRAINT; Schema: public; Owner: postgres
--

ALTER TABLE ONLY public.answers
    ADD CONSTRAINT pk_answers PRIMARY KEY (id);


--
-- TOC entry 4897 (class 2606 OID 50811)
-- Name: attempts pk_attempts; Type: CONSTRAINT; Schema: public; Owner: postgres
--

ALTER TABLE ONLY public.attempts
    ADD CONSTRAINT pk_attempts PRIMARY KEY (id);


--
-- TOC entry 4850 (class 2606 OID 50632)
-- Name: courses pk_courses; Type: CONSTRAINT; Schema: public; Owner: postgres
--

ALTER TABLE ONLY public.courses
    ADD CONSTRAINT pk_courses PRIMARY KEY (id);


--
-- TOC entry 4853 (class 2606 OID 50640)
-- Name: directions pk_directions; Type: CONSTRAINT; Schema: public; Owner: postgres
--

ALTER TABLE ONLY public.directions
    ADD CONSTRAINT pk_directions PRIMARY KEY (id);


--
-- TOC entry 4868 (class 2606 OID 50676)
-- Name: groups pk_groups; Type: CONSTRAINT; Schema: public; Owner: postgres
--

ALTER TABLE ONLY public.groups
    ADD CONSTRAINT pk_groups PRIMARY KEY (id);


--
-- TOC entry 4856 (class 2606 OID 50648)
-- Name: projects pk_projects; Type: CONSTRAINT; Schema: public; Owner: postgres
--

ALTER TABLE ONLY public.projects
    ADD CONSTRAINT pk_projects PRIMARY KEY (id);


--
-- TOC entry 4871 (class 2606 OID 50700)
-- Name: questions pk_questions; Type: CONSTRAINT; Schema: public; Owner: postgres
--

ALTER TABLE ONLY public.questions
    ADD CONSTRAINT pk_questions PRIMARY KEY (id);


--
-- TOC entry 4884 (class 2606 OID 50758)
-- Name: refreshtokens pk_refreshtokens; Type: CONSTRAINT; Schema: public; Owner: postgres
--

ALTER TABLE ONLY public.refreshtokens
    ADD CONSTRAINT pk_refreshtokens PRIMARY KEY (id);


--
-- TOC entry 4900 (class 2606 OID 50826)
-- Name: student_groups pk_student_groups; Type: CONSTRAINT; Schema: public; Owner: postgres
--

ALTER TABLE ONLY public.student_groups
    ADD CONSTRAINT pk_student_groups PRIMARY KEY (groupsid, studentsid);


--
-- TOC entry 4887 (class 2606 OID 50771)
-- Name: students pk_students; Type: CONSTRAINT; Schema: public; Owner: postgres
--

ALTER TABLE ONLY public.students
    ADD CONSTRAINT pk_students PRIMARY KEY (id);


--
-- TOC entry 4874 (class 2606 OID 50710)
-- Name: test_courses pk_test_courses; Type: CONSTRAINT; Schema: public; Owner: postgres
--

ALTER TABLE ONLY public.test_courses
    ADD CONSTRAINT pk_test_courses PRIMARY KEY (coursesid, testsid);


--
-- TOC entry 4877 (class 2606 OID 50725)
-- Name: test_directions pk_test_directions; Type: CONSTRAINT; Schema: public; Owner: postgres
--

ALTER TABLE ONLY public.test_directions
    ADD CONSTRAINT pk_test_directions PRIMARY KEY (directionsid, testsid);


--
-- TOC entry 4890 (class 2606 OID 50781)
-- Name: test_groups pk_test_groups; Type: CONSTRAINT; Schema: public; Owner: postgres
--

ALTER TABLE ONLY public.test_groups
    ADD CONSTRAINT pk_test_groups PRIMARY KEY (groupsid, testsid);


--
-- TOC entry 4880 (class 2606 OID 50740)
-- Name: test_projects pk_test_projects; Type: CONSTRAINT; Schema: public; Owner: postgres
--

ALTER TABLE ONLY public.test_projects
    ADD CONSTRAINT pk_test_projects PRIMARY KEY (projectsid, testsid);


--
-- TOC entry 4903 (class 2606 OID 50841)
-- Name: test_students pk_test_students; Type: CONSTRAINT; Schema: public; Owner: postgres
--

ALTER TABLE ONLY public.test_students
    ADD CONSTRAINT pk_test_students PRIMARY KEY (studentsid, testsid);


--
-- TOC entry 4908 (class 2606 OID 50857)
-- Name: testresults pk_testresults; Type: CONSTRAINT; Schema: public; Owner: postgres
--

ALTER TABLE ONLY public.testresults
    ADD CONSTRAINT pk_testresults PRIMARY KEY (id);


--
-- TOC entry 4858 (class 2606 OID 50659)
-- Name: tests pk_tests; Type: CONSTRAINT; Schema: public; Owner: postgres
--

ALTER TABLE ONLY public.tests
    ADD CONSTRAINT pk_tests PRIMARY KEY (id);


--
-- TOC entry 4912 (class 2606 OID 50878)
-- Name: userattemptanswers pk_userattemptanswers; Type: CONSTRAINT; Schema: public; Owner: postgres
--

ALTER TABLE ONLY public.userattemptanswers
    ADD CONSTRAINT pk_userattemptanswers PRIMARY KEY (id);


--
-- TOC entry 4862 (class 2606 OID 50668)
-- Name: users pk_users; Type: CONSTRAINT; Schema: public; Owner: postgres
--

ALTER TABLE ONLY public.users
    ADD CONSTRAINT pk_users PRIMARY KEY (id);


--
-- TOC entry 4916 (class 2606 OID 50894)
-- Name: userselectedoptions pk_userselectedoptions; Type: CONSTRAINT; Schema: public; Owner: postgres
--

ALTER TABLE ONLY public.userselectedoptions
    ADD CONSTRAINT pk_userselectedoptions PRIMARY KEY (id);


--
-- TOC entry 4919 (class 2606 OID 50912)
-- Name: usertextanswers pk_usertextanswers; Type: CONSTRAINT; Schema: public; Owner: postgres
--

ALTER TABLE ONLY public.usertextanswers
    ADD CONSTRAINT pk_usertextanswers PRIMARY KEY (id);


--
-- TOC entry 4891 (class 1259 OID 50918)
-- Name: ix_answers_questionid; Type: INDEX; Schema: public; Owner: postgres
--

CREATE INDEX ix_answers_questionid ON public.answers USING btree (questionid);


--
-- TOC entry 4894 (class 1259 OID 50919)
-- Name: ix_attempts_studentid; Type: INDEX; Schema: public; Owner: postgres
--

CREATE INDEX ix_attempts_studentid ON public.attempts USING btree (studentid);


--
-- TOC entry 4895 (class 1259 OID 50920)
-- Name: ix_attempts_testid; Type: INDEX; Schema: public; Owner: postgres
--

CREATE INDEX ix_attempts_testid ON public.attempts USING btree (testid);


--
-- TOC entry 4848 (class 1259 OID 50921)
-- Name: ix_courses_name; Type: INDEX; Schema: public; Owner: postgres
--

CREATE UNIQUE INDEX ix_courses_name ON public.courses USING btree (name);


--
-- TOC entry 4851 (class 1259 OID 50922)
-- Name: ix_directions_name; Type: INDEX; Schema: public; Owner: postgres
--

CREATE UNIQUE INDEX ix_directions_name ON public.directions USING btree (name);


--
-- TOC entry 4863 (class 1259 OID 50923)
-- Name: ix_groups_courseid; Type: INDEX; Schema: public; Owner: postgres
--

CREATE INDEX ix_groups_courseid ON public.groups USING btree (courseid);


--
-- TOC entry 4864 (class 1259 OID 50924)
-- Name: ix_groups_directionid; Type: INDEX; Schema: public; Owner: postgres
--

CREATE INDEX ix_groups_directionid ON public.groups USING btree (directionid);


--
-- TOC entry 4865 (class 1259 OID 50925)
-- Name: ix_groups_name; Type: INDEX; Schema: public; Owner: postgres
--

CREATE UNIQUE INDEX ix_groups_name ON public.groups USING btree (name);


--
-- TOC entry 4866 (class 1259 OID 50926)
-- Name: ix_groups_projectid; Type: INDEX; Schema: public; Owner: postgres
--

CREATE INDEX ix_groups_projectid ON public.groups USING btree (projectid);


--
-- TOC entry 4854 (class 1259 OID 50927)
-- Name: ix_projects_name; Type: INDEX; Schema: public; Owner: postgres
--

CREATE UNIQUE INDEX ix_projects_name ON public.projects USING btree (name);


--
-- TOC entry 4869 (class 1259 OID 50928)
-- Name: ix_questions_testid_number; Type: INDEX; Schema: public; Owner: postgres
--

CREATE UNIQUE INDEX ix_questions_testid_number ON public.questions USING btree (testid, number);


--
-- TOC entry 4881 (class 1259 OID 50929)
-- Name: ix_refreshtokens_tokenhash; Type: INDEX; Schema: public; Owner: postgres
--

CREATE INDEX ix_refreshtokens_tokenhash ON public.refreshtokens USING btree (tokenhash);


--
-- TOC entry 4882 (class 1259 OID 50930)
-- Name: ix_refreshtokens_userid; Type: INDEX; Schema: public; Owner: postgres
--

CREATE INDEX ix_refreshtokens_userid ON public.refreshtokens USING btree (userid);


--
-- TOC entry 4898 (class 1259 OID 50931)
-- Name: ix_student_groups_studentsid; Type: INDEX; Schema: public; Owner: postgres
--

CREATE INDEX ix_student_groups_studentsid ON public.student_groups USING btree (studentsid);


--
-- TOC entry 4885 (class 1259 OID 50932)
-- Name: ix_students_userid; Type: INDEX; Schema: public; Owner: postgres
--

CREATE UNIQUE INDEX ix_students_userid ON public.students USING btree (userid);


--
-- TOC entry 4872 (class 1259 OID 50933)
-- Name: ix_test_courses_testsid; Type: INDEX; Schema: public; Owner: postgres
--

CREATE INDEX ix_test_courses_testsid ON public.test_courses USING btree (testsid);


--
-- TOC entry 4875 (class 1259 OID 50934)
-- Name: ix_test_directions_testsid; Type: INDEX; Schema: public; Owner: postgres
--

CREATE INDEX ix_test_directions_testsid ON public.test_directions USING btree (testsid);


--
-- TOC entry 4888 (class 1259 OID 50935)
-- Name: ix_test_groups_testsid; Type: INDEX; Schema: public; Owner: postgres
--

CREATE INDEX ix_test_groups_testsid ON public.test_groups USING btree (testsid);


--
-- TOC entry 4878 (class 1259 OID 50936)
-- Name: ix_test_projects_testsid; Type: INDEX; Schema: public; Owner: postgres
--

CREATE INDEX ix_test_projects_testsid ON public.test_projects USING btree (testsid);


--
-- TOC entry 4901 (class 1259 OID 50937)
-- Name: ix_test_students_testsid; Type: INDEX; Schema: public; Owner: postgres
--

CREATE INDEX ix_test_students_testsid ON public.test_students USING btree (testsid);


--
-- TOC entry 4904 (class 1259 OID 50938)
-- Name: ix_testresults_attemptid; Type: INDEX; Schema: public; Owner: postgres
--

CREATE INDEX ix_testresults_attemptid ON public.testresults USING btree (attemptid);


--
-- TOC entry 4905 (class 1259 OID 50939)
-- Name: ix_testresults_studentid; Type: INDEX; Schema: public; Owner: postgres
--

CREATE INDEX ix_testresults_studentid ON public.testresults USING btree (studentid);


--
-- TOC entry 4906 (class 1259 OID 50940)
-- Name: ix_testresults_testid_studentid_attemptid; Type: INDEX; Schema: public; Owner: postgres
--

CREATE UNIQUE INDEX ix_testresults_testid_studentid_attemptid ON public.testresults USING btree (testid, studentid, attemptid);


--
-- TOC entry 4909 (class 1259 OID 50941)
-- Name: ix_userattemptanswers_attemptid_questionid; Type: INDEX; Schema: public; Owner: postgres
--

CREATE UNIQUE INDEX ix_userattemptanswers_attemptid_questionid ON public.userattemptanswers USING btree (attemptid, questionid);


--
-- TOC entry 4910 (class 1259 OID 50942)
-- Name: ix_userattemptanswers_questionid; Type: INDEX; Schema: public; Owner: postgres
--

CREATE INDEX ix_userattemptanswers_questionid ON public.userattemptanswers USING btree (questionid);


--
-- TOC entry 4859 (class 1259 OID 50943)
-- Name: ix_users_email; Type: INDEX; Schema: public; Owner: postgres
--

CREATE UNIQUE INDEX ix_users_email ON public.users USING btree (email);


--
-- TOC entry 4860 (class 1259 OID 50944)
-- Name: ix_users_login; Type: INDEX; Schema: public; Owner: postgres
--

CREATE UNIQUE INDEX ix_users_login ON public.users USING btree (login);


--
-- TOC entry 4913 (class 1259 OID 50945)
-- Name: ix_userselectedoptions_answerid; Type: INDEX; Schema: public; Owner: postgres
--

CREATE INDEX ix_userselectedoptions_answerid ON public.userselectedoptions USING btree (answerid);


--
-- TOC entry 4914 (class 1259 OID 50946)
-- Name: ix_userselectedoptions_userattemptanswerid; Type: INDEX; Schema: public; Owner: postgres
--

CREATE INDEX ix_userselectedoptions_userattemptanswerid ON public.userselectedoptions USING btree (userattemptanswerid);


--
-- TOC entry 4917 (class 1259 OID 50947)
-- Name: ix_usertextanswers_userattemptanswerid; Type: INDEX; Schema: public; Owner: postgres
--

CREATE UNIQUE INDEX ix_usertextanswers_userattemptanswerid ON public.usertextanswers USING btree (userattemptanswerid);


--
-- TOC entry 4934 (class 2606 OID 50800)
-- Name: answers fk_answers_questions_questionid; Type: FK CONSTRAINT; Schema: public; Owner: postgres
--

ALTER TABLE ONLY public.answers
    ADD CONSTRAINT fk_answers_questions_questionid FOREIGN KEY (questionid) REFERENCES public.questions(id) ON DELETE CASCADE;


--
-- TOC entry 4935 (class 2606 OID 50812)
-- Name: attempts fk_attempts_students_studentid; Type: FK CONSTRAINT; Schema: public; Owner: postgres
--

ALTER TABLE ONLY public.attempts
    ADD CONSTRAINT fk_attempts_students_studentid FOREIGN KEY (studentid) REFERENCES public.students(id) ON DELETE CASCADE;


--
-- TOC entry 4936 (class 2606 OID 50817)
-- Name: attempts fk_attempts_tests_testid; Type: FK CONSTRAINT; Schema: public; Owner: postgres
--

ALTER TABLE ONLY public.attempts
    ADD CONSTRAINT fk_attempts_tests_testid FOREIGN KEY (testid) REFERENCES public.tests(id) ON DELETE RESTRICT;


--
-- TOC entry 4920 (class 2606 OID 50677)
-- Name: groups fk_groups_courses_courseid; Type: FK CONSTRAINT; Schema: public; Owner: postgres
--

ALTER TABLE ONLY public.groups
    ADD CONSTRAINT fk_groups_courses_courseid FOREIGN KEY (courseid) REFERENCES public.courses(id) ON DELETE RESTRICT;


--
-- TOC entry 4921 (class 2606 OID 50682)
-- Name: groups fk_groups_directions_directionid; Type: FK CONSTRAINT; Schema: public; Owner: postgres
--

ALTER TABLE ONLY public.groups
    ADD CONSTRAINT fk_groups_directions_directionid FOREIGN KEY (directionid) REFERENCES public.directions(id) ON DELETE RESTRICT;


--
-- TOC entry 4922 (class 2606 OID 50687)
-- Name: groups fk_groups_projects_projectid; Type: FK CONSTRAINT; Schema: public; Owner: postgres
--

ALTER TABLE ONLY public.groups
    ADD CONSTRAINT fk_groups_projects_projectid FOREIGN KEY (projectid) REFERENCES public.projects(id) ON DELETE RESTRICT;


--
-- TOC entry 4923 (class 2606 OID 50701)
-- Name: questions fk_questions_tests_testid; Type: FK CONSTRAINT; Schema: public; Owner: postgres
--

ALTER TABLE ONLY public.questions
    ADD CONSTRAINT fk_questions_tests_testid FOREIGN KEY (testid) REFERENCES public.tests(id) ON DELETE CASCADE;


--
-- TOC entry 4930 (class 2606 OID 50759)
-- Name: refreshtokens fk_refreshtokens_users_userid; Type: FK CONSTRAINT; Schema: public; Owner: postgres
--

ALTER TABLE ONLY public.refreshtokens
    ADD CONSTRAINT fk_refreshtokens_users_userid FOREIGN KEY (userid) REFERENCES public.users(id) ON DELETE CASCADE;


--
-- TOC entry 4937 (class 2606 OID 50827)
-- Name: student_groups fk_student_groups_groups_groupsid; Type: FK CONSTRAINT; Schema: public; Owner: postgres
--

ALTER TABLE ONLY public.student_groups
    ADD CONSTRAINT fk_student_groups_groups_groupsid FOREIGN KEY (groupsid) REFERENCES public.groups(id) ON DELETE CASCADE;


--
-- TOC entry 4938 (class 2606 OID 50832)
-- Name: student_groups fk_student_groups_students_studentsid; Type: FK CONSTRAINT; Schema: public; Owner: postgres
--

ALTER TABLE ONLY public.student_groups
    ADD CONSTRAINT fk_student_groups_students_studentsid FOREIGN KEY (studentsid) REFERENCES public.students(id) ON DELETE CASCADE;


--
-- TOC entry 4931 (class 2606 OID 50772)
-- Name: students fk_students_users_userid; Type: FK CONSTRAINT; Schema: public; Owner: postgres
--

ALTER TABLE ONLY public.students
    ADD CONSTRAINT fk_students_users_userid FOREIGN KEY (userid) REFERENCES public.users(id) ON DELETE CASCADE;


--
-- TOC entry 4924 (class 2606 OID 50711)
-- Name: test_courses fk_test_courses_courses_coursesid; Type: FK CONSTRAINT; Schema: public; Owner: postgres
--

ALTER TABLE ONLY public.test_courses
    ADD CONSTRAINT fk_test_courses_courses_coursesid FOREIGN KEY (coursesid) REFERENCES public.courses(id) ON DELETE CASCADE;


--
-- TOC entry 4925 (class 2606 OID 50716)
-- Name: test_courses fk_test_courses_tests_testsid; Type: FK CONSTRAINT; Schema: public; Owner: postgres
--

ALTER TABLE ONLY public.test_courses
    ADD CONSTRAINT fk_test_courses_tests_testsid FOREIGN KEY (testsid) REFERENCES public.tests(id) ON DELETE CASCADE;


--
-- TOC entry 4926 (class 2606 OID 50726)
-- Name: test_directions fk_test_directions_directions_directionsid; Type: FK CONSTRAINT; Schema: public; Owner: postgres
--

ALTER TABLE ONLY public.test_directions
    ADD CONSTRAINT fk_test_directions_directions_directionsid FOREIGN KEY (directionsid) REFERENCES public.directions(id) ON DELETE CASCADE;


--
-- TOC entry 4927 (class 2606 OID 50731)
-- Name: test_directions fk_test_directions_tests_testsid; Type: FK CONSTRAINT; Schema: public; Owner: postgres
--

ALTER TABLE ONLY public.test_directions
    ADD CONSTRAINT fk_test_directions_tests_testsid FOREIGN KEY (testsid) REFERENCES public.tests(id) ON DELETE CASCADE;


--
-- TOC entry 4932 (class 2606 OID 50782)
-- Name: test_groups fk_test_groups_groups_groupsid; Type: FK CONSTRAINT; Schema: public; Owner: postgres
--

ALTER TABLE ONLY public.test_groups
    ADD CONSTRAINT fk_test_groups_groups_groupsid FOREIGN KEY (groupsid) REFERENCES public.groups(id) ON DELETE CASCADE;


--
-- TOC entry 4933 (class 2606 OID 50787)
-- Name: test_groups fk_test_groups_tests_testsid; Type: FK CONSTRAINT; Schema: public; Owner: postgres
--

ALTER TABLE ONLY public.test_groups
    ADD CONSTRAINT fk_test_groups_tests_testsid FOREIGN KEY (testsid) REFERENCES public.tests(id) ON DELETE CASCADE;


--
-- TOC entry 4928 (class 2606 OID 50741)
-- Name: test_projects fk_test_projects_projects_projectsid; Type: FK CONSTRAINT; Schema: public; Owner: postgres
--

ALTER TABLE ONLY public.test_projects
    ADD CONSTRAINT fk_test_projects_projects_projectsid FOREIGN KEY (projectsid) REFERENCES public.projects(id) ON DELETE CASCADE;


--
-- TOC entry 4929 (class 2606 OID 50746)
-- Name: test_projects fk_test_projects_tests_testsid; Type: FK CONSTRAINT; Schema: public; Owner: postgres
--

ALTER TABLE ONLY public.test_projects
    ADD CONSTRAINT fk_test_projects_tests_testsid FOREIGN KEY (testsid) REFERENCES public.tests(id) ON DELETE CASCADE;


--
-- TOC entry 4939 (class 2606 OID 50842)
-- Name: test_students fk_test_students_students_studentsid; Type: FK CONSTRAINT; Schema: public; Owner: postgres
--

ALTER TABLE ONLY public.test_students
    ADD CONSTRAINT fk_test_students_students_studentsid FOREIGN KEY (studentsid) REFERENCES public.students(id) ON DELETE CASCADE;


--
-- TOC entry 4940 (class 2606 OID 50847)
-- Name: test_students fk_test_students_tests_testsid; Type: FK CONSTRAINT; Schema: public; Owner: postgres
--

ALTER TABLE ONLY public.test_students
    ADD CONSTRAINT fk_test_students_tests_testsid FOREIGN KEY (testsid) REFERENCES public.tests(id) ON DELETE CASCADE;


--
-- TOC entry 4941 (class 2606 OID 50858)
-- Name: testresults fk_testresults_attempts_attemptid; Type: FK CONSTRAINT; Schema: public; Owner: postgres
--

ALTER TABLE ONLY public.testresults
    ADD CONSTRAINT fk_testresults_attempts_attemptid FOREIGN KEY (attemptid) REFERENCES public.attempts(id) ON DELETE CASCADE;


--
-- TOC entry 4942 (class 2606 OID 50863)
-- Name: testresults fk_testresults_students_studentid; Type: FK CONSTRAINT; Schema: public; Owner: postgres
--

ALTER TABLE ONLY public.testresults
    ADD CONSTRAINT fk_testresults_students_studentid FOREIGN KEY (studentid) REFERENCES public.students(id) ON DELETE CASCADE;


--
-- TOC entry 4943 (class 2606 OID 50868)
-- Name: testresults fk_testresults_tests_testid; Type: FK CONSTRAINT; Schema: public; Owner: postgres
--

ALTER TABLE ONLY public.testresults
    ADD CONSTRAINT fk_testresults_tests_testid FOREIGN KEY (testid) REFERENCES public.tests(id) ON DELETE RESTRICT;


--
-- TOC entry 4944 (class 2606 OID 50879)
-- Name: userattemptanswers fk_userattemptanswers_attempts_attemptid; Type: FK CONSTRAINT; Schema: public; Owner: postgres
--

ALTER TABLE ONLY public.userattemptanswers
    ADD CONSTRAINT fk_userattemptanswers_attempts_attemptid FOREIGN KEY (attemptid) REFERENCES public.attempts(id) ON DELETE CASCADE;


--
-- TOC entry 4945 (class 2606 OID 50884)
-- Name: userattemptanswers fk_userattemptanswers_questions_questionid; Type: FK CONSTRAINT; Schema: public; Owner: postgres
--

ALTER TABLE ONLY public.userattemptanswers
    ADD CONSTRAINT fk_userattemptanswers_questions_questionid FOREIGN KEY (questionid) REFERENCES public.questions(id) ON DELETE RESTRICT;


--
-- TOC entry 4946 (class 2606 OID 50895)
-- Name: userselectedoptions fk_userselectedoptions_answers_answerid; Type: FK CONSTRAINT; Schema: public; Owner: postgres
--

ALTER TABLE ONLY public.userselectedoptions
    ADD CONSTRAINT fk_userselectedoptions_answers_answerid FOREIGN KEY (answerid) REFERENCES public.answers(id) ON DELETE RESTRICT;


--
-- TOC entry 4947 (class 2606 OID 50900)
-- Name: userselectedoptions fk_userselectedoptions_userattemptanswers_userattemptanswerid; Type: FK CONSTRAINT; Schema: public; Owner: postgres
--

ALTER TABLE ONLY public.userselectedoptions
    ADD CONSTRAINT fk_userselectedoptions_userattemptanswers_userattemptanswerid FOREIGN KEY (userattemptanswerid) REFERENCES public.userattemptanswers(id) ON DELETE CASCADE;


--
-- TOC entry 4948 (class 2606 OID 50913)
-- Name: usertextanswers fk_usertextanswers_userattemptanswers_userattemptanswerid; Type: FK CONSTRAINT; Schema: public; Owner: postgres
--

ALTER TABLE ONLY public.usertextanswers
    ADD CONSTRAINT fk_usertextanswers_userattemptanswers_userattemptanswerid FOREIGN KEY (userattemptanswerid) REFERENCES public.userattemptanswers(id) ON DELETE CASCADE;


--
-- TOC entry 5137 (class 0 OID 0)
-- Dependencies: 5
-- Name: SCHEMA public; Type: ACL; Schema: -; Owner: postgres
--

REVOKE USAGE ON SCHEMA public FROM PUBLIC;


-- Completed on 2026-03-01 16:25:04

--
-- PostgreSQL database dump complete
--

